-- MySQL dump 10.15  Distrib 10.0.30-MariaDB, for debian-linux-gnu (x86_64)
--
-- Host: localhost    Database: angello
-- ------------------------------------------------------
-- Server version	10.0.30-MariaDB-0+deb8u2

/*!40101 SET @OLD_CHARACTER_SET_CLIENT=@@CHARACTER_SET_CLIENT */;
/*!40101 SET @OLD_CHARACTER_SET_RESULTS=@@CHARACTER_SET_RESULTS */;
/*!40101 SET @OLD_COLLATION_CONNECTION=@@COLLATION_CONNECTION */;
/*!40101 SET NAMES utf8 */;
/*!40103 SET @OLD_TIME_ZONE=@@TIME_ZONE */;
/*!40103 SET TIME_ZONE='+00:00' */;
/*!40014 SET @OLD_UNIQUE_CHECKS=@@UNIQUE_CHECKS, UNIQUE_CHECKS=0 */;
/*!40014 SET @OLD_FOREIGN_KEY_CHECKS=@@FOREIGN_KEY_CHECKS, FOREIGN_KEY_CHECKS=0 */;
/*!40101 SET @OLD_SQL_MODE=@@SQL_MODE, SQL_MODE='NO_AUTO_VALUE_ON_ZERO' */;
/*!40111 SET @OLD_SQL_NOTES=@@SQL_NOTES, SQL_NOTES=0 */;

--
-- Table structure for table `clients`
--

DROP TABLE IF EXISTS `clients`;
/*!40101 SET @saved_cs_client     = @@character_set_client */;
/*!40101 SET character_set_client = utf8 */;
CREATE TABLE `clients` (
  `id_client` int(11) NOT NULL AUTO_INCREMENT,
  `name` char(40) DEFAULT NULL,
  `description` char(100) DEFAULT NULL,
  PRIMARY KEY (`id_client`)
) ENGINE=InnoDB AUTO_INCREMENT=2 DEFAULT CHARSET=latin1;
/*!40101 SET character_set_client = @saved_cs_client */;

--
-- Dumping data for table `clients`
--

LOCK TABLES `clients` WRITE;
/*!40000 ALTER TABLE `clients` DISABLE KEYS */;
INSERT INTO `clients` VALUES (1,'Grupo ICE',NULL);
/*!40000 ALTER TABLE `clients` ENABLE KEYS */;
UNLOCK TABLES;

--
-- Table structure for table `countries`
--

DROP TABLE IF EXISTS `countries`;
/*!40101 SET @saved_cs_client     = @@character_set_client */;
/*!40101 SET character_set_client = utf8 */;
CREATE TABLE `countries` (
  `id_country` int(11) NOT NULL AUTO_INCREMENT,
  `name` char(40) DEFAULT NULL,
  `description` char(100) DEFAULT NULL,
  PRIMARY KEY (`id_country`)
) ENGINE=InnoDB AUTO_INCREMENT=2 DEFAULT CHARSET=latin1;
/*!40101 SET character_set_client = @saved_cs_client */;

--
-- Dumping data for table `countries`
--

LOCK TABLES `countries` WRITE;
/*!40000 ALTER TABLE `countries` DISABLE KEYS */;
INSERT INTO `countries` VALUES (1,'Costa Rica',NULL);
/*!40000 ALTER TABLE `countries` ENABLE KEYS */;
UNLOCK TABLES;

--
-- Table structure for table `hostnames`
--

DROP TABLE IF EXISTS `hostnames`;
/*!40101 SET @saved_cs_client     = @@character_set_client */;
/*!40101 SET character_set_client = utf8 */;
CREATE TABLE `hostnames` (
  `ip` char(100) NOT NULL,
  `hostname` char(100) DEFAULT NULL,
  `os` char(100) DEFAULT NULL,
  `mac` char(100) DEFAULT NULL,
  `comments` char(255) DEFAULT NULL,
  `vlan` char(100) DEFAULT NULL,
  `interface` char(100) DEFAULT NULL,
  `reserved` int(11) DEFAULT NULL,
  PRIMARY KEY (`ip`),
  KEY `vlan` (`vlan`)
) ENGINE=MyISAM DEFAULT CHARSET=latin1;
/*!40101 SET character_set_client = @saved_cs_client */;

--
-- Dumping data for table `hostnames`
--

LOCK TABLES `hostnames` WRITE;
/*!40000 ALTER TABLE `hostnames` DISABLE KEYS */;
INSERT INTO `hostnames` VALUES ('10.149.128.1','free',NULL,NULL,NULL,'128',NULL,NULL),('10.149.128.2','free',NULL,NULL,NULL,'128',NULL,NULL),('10.149.128.3','free',NULL,NULL,NULL,'128',NULL,NULL),('10.149.128.4','free',NULL,NULL,NULL,'128',NULL,NULL),('10.149.128.5','free',NULL,NULL,NULL,'128',NULL,NULL),('10.149.128.6','free',NULL,NULL,NULL,'128',NULL,NULL),('10.149.128.7','free',NULL,NULL,NULL,'128',NULL,NULL),('10.149.128.8','free',NULL,NULL,NULL,'128',NULL,NULL),('10.149.128.9','free',NULL,NULL,NULL,'128',NULL,NULL),('10.149.128.10','free',NULL,NULL,NULL,'128',NULL,NULL),('10.149.128.11','free',NULL,NULL,NULL,'128',NULL,NULL),('10.149.128.12','free',NULL,NULL,NULL,'128',NULL,NULL),('10.149.128.13','free',NULL,NULL,NULL,'128',NULL,NULL),('10.149.128.14','free',NULL,NULL,NULL,'128',NULL,NULL),('10.149.128.15','free',NULL,NULL,NULL,'128',NULL,NULL),('10.149.128.16','free',NULL,NULL,NULL,'128',NULL,NULL),('10.149.128.17','free',NULL,NULL,NULL,'128',NULL,NULL),('10.149.128.18','free',NULL,NULL,NULL,'128',NULL,NULL),('10.149.128.19','free',NULL,NULL,NULL,'128',NULL,NULL),('10.149.128.20','free',NULL,NULL,NULL,'128',NULL,NULL),('10.149.128.21','free',NULL,NULL,NULL,'128',NULL,NULL),('10.149.128.22','free',NULL,NULL,NULL,'128',NULL,NULL),('10.149.128.23','free',NULL,NULL,NULL,'128',NULL,NULL),('10.149.128.24','free',NULL,NULL,NULL,'128',NULL,NULL),('10.149.128.25','free',NULL,NULL,NULL,'128',NULL,NULL),('10.149.128.26','free',NULL,NULL,NULL,'128',NULL,NULL),('10.149.128.27','free',NULL,NULL,NULL,'128',NULL,NULL),('10.149.128.28','free',NULL,NULL,NULL,'128',NULL,NULL),('10.149.128.29','free',NULL,NULL,NULL,'128',NULL,NULL),('10.149.128.30','free',NULL,NULL,NULL,'128',NULL,NULL),('10.149.128.31','free',NULL,NULL,NULL,'128',NULL,NULL),('10.149.128.32','free',NULL,NULL,NULL,'128',NULL,NULL),('10.149.128.33','free',NULL,NULL,NULL,'128',NULL,NULL),('10.149.128.34','free',NULL,NULL,NULL,'128',NULL,NULL),('10.149.128.35','free',NULL,NULL,NULL,'128',NULL,NULL),('10.149.128.36','free',NULL,NULL,NULL,'128',NULL,NULL),('10.149.128.37','free',NULL,NULL,NULL,'128',NULL,NULL),('10.149.128.38','free',NULL,NULL,NULL,'128',NULL,NULL),('10.149.128.39','free',NULL,NULL,NULL,'128',NULL,NULL),('10.149.128.40','free',NULL,NULL,NULL,'128',NULL,NULL),('10.149.128.41','free',NULL,NULL,NULL,'128',NULL,NULL),('10.149.128.42','free',NULL,NULL,NULL,'128',NULL,NULL),('10.149.128.43','free',NULL,NULL,NULL,'128',NULL,NULL),('10.149.128.44','free',NULL,NULL,NULL,'128',NULL,NULL),('10.149.128.45','free',NULL,NULL,NULL,'128',NULL,NULL),('10.149.128.46','free',NULL,NULL,NULL,'128',NULL,NULL),('10.149.128.47','free',NULL,NULL,NULL,'128',NULL,NULL),('10.149.128.48','free',NULL,NULL,NULL,'128',NULL,NULL),('10.149.128.49','free',NULL,NULL,NULL,'128',NULL,NULL),('10.149.128.50','free',NULL,NULL,NULL,'128',NULL,NULL),('10.149.128.51','free',NULL,NULL,NULL,'128',NULL,NULL),('10.149.128.52','free',NULL,NULL,NULL,'128',NULL,NULL),('10.149.128.53','free',NULL,NULL,NULL,'128',NULL,NULL),('10.149.128.54','free',NULL,NULL,NULL,'128',NULL,NULL),('10.149.128.55','free',NULL,NULL,NULL,'128',NULL,NULL),('10.149.128.56','free',NULL,NULL,NULL,'128',NULL,NULL),('10.149.128.57','free',NULL,NULL,NULL,'128',NULL,NULL),('10.149.128.58','free',NULL,NULL,NULL,'128',NULL,NULL),('10.149.128.59','free',NULL,NULL,NULL,'128',NULL,NULL),('10.149.128.60','free',NULL,NULL,NULL,'128',NULL,NULL),('10.149.128.61','free',NULL,NULL,NULL,'128',NULL,NULL),('10.149.128.62','free',NULL,NULL,NULL,'128',NULL,NULL),('10.149.128.63','free',NULL,NULL,NULL,'128',NULL,NULL),('10.149.128.64','free',NULL,NULL,NULL,'128',NULL,NULL),('10.149.128.65','free',NULL,NULL,NULL,'128',NULL,NULL),('10.149.128.66','free',NULL,NULL,NULL,'128',NULL,NULL),('10.149.128.67','free',NULL,NULL,NULL,'128',NULL,NULL),('10.149.128.68','free',NULL,NULL,NULL,'128',NULL,NULL),('10.149.128.69','free',NULL,NULL,NULL,'128',NULL,NULL),('10.149.128.70','free',NULL,NULL,NULL,'128',NULL,NULL),('10.149.128.71','free',NULL,NULL,NULL,'128',NULL,NULL),('10.149.128.72','free',NULL,NULL,NULL,'128',NULL,NULL),('10.149.128.73','free',NULL,NULL,NULL,'128',NULL,NULL),('10.149.128.74','free',NULL,NULL,NULL,'128',NULL,NULL),('10.149.128.75','free',NULL,NULL,NULL,'128',NULL,NULL),('10.149.128.76','free',NULL,NULL,NULL,'128',NULL,NULL),('10.149.128.77','free',NULL,NULL,NULL,'128',NULL,NULL),('10.149.128.78','free',NULL,NULL,NULL,'128',NULL,NULL),('10.149.128.79','free',NULL,NULL,NULL,'128',NULL,NULL),('10.149.128.80','free',NULL,NULL,NULL,'128',NULL,NULL),('10.149.128.81','free',NULL,NULL,NULL,'128',NULL,NULL),('10.149.128.82','free',NULL,NULL,NULL,'128',NULL,NULL),('10.149.128.83','free',NULL,NULL,NULL,'128',NULL,NULL),('10.149.128.84','free',NULL,NULL,NULL,'128',NULL,NULL),('10.149.128.85','free',NULL,NULL,NULL,'128',NULL,NULL),('10.149.128.86','free',NULL,NULL,NULL,'128',NULL,NULL),('10.149.128.87','free',NULL,NULL,NULL,'128',NULL,NULL),('10.149.128.88','free',NULL,NULL,NULL,'128',NULL,NULL),('10.149.128.89','free',NULL,NULL,NULL,'128',NULL,NULL),('10.149.128.90','free',NULL,NULL,NULL,'128',NULL,NULL),('10.149.128.91','free',NULL,NULL,NULL,'128',NULL,NULL),('10.149.128.92','free',NULL,NULL,NULL,'128',NULL,NULL),('10.149.128.93','free',NULL,NULL,NULL,'128',NULL,NULL),('10.149.128.94','free',NULL,NULL,NULL,'128',NULL,NULL),('10.149.128.95','free',NULL,NULL,NULL,'128',NULL,NULL),('10.149.128.96','free',NULL,NULL,NULL,'128',NULL,NULL),('10.149.128.97','free',NULL,NULL,NULL,'128',NULL,NULL),('10.149.128.98','free',NULL,NULL,NULL,'128',NULL,NULL),('10.149.128.99','free',NULL,NULL,NULL,'128',NULL,NULL),('10.149.128.100','free',NULL,NULL,NULL,'128',NULL,NULL),('10.149.128.101','free',NULL,NULL,NULL,'128',NULL,NULL),('10.149.128.102','free',NULL,NULL,NULL,'128',NULL,NULL),('10.149.128.103','free',NULL,NULL,NULL,'128',NULL,NULL),('10.149.128.104','free',NULL,NULL,NULL,'128',NULL,NULL),('10.149.128.105','free',NULL,NULL,NULL,'128',NULL,NULL),('10.149.128.106','free',NULL,NULL,NULL,'128',NULL,NULL),('10.149.128.107','free',NULL,NULL,NULL,'128',NULL,NULL),('10.149.128.108','free',NULL,NULL,NULL,'128',NULL,NULL),('10.149.128.109','free',NULL,NULL,NULL,'128',NULL,NULL),('10.149.128.110','free',NULL,NULL,NULL,'128',NULL,NULL),('10.149.128.111','free',NULL,NULL,NULL,'128',NULL,NULL),('10.149.128.112','free',NULL,NULL,NULL,'128',NULL,NULL),('10.149.128.113','free',NULL,NULL,NULL,'128',NULL,NULL),('10.149.128.114','free',NULL,NULL,NULL,'128',NULL,NULL),('10.149.128.115','free',NULL,NULL,NULL,'128',NULL,NULL),('10.149.128.116','free',NULL,NULL,NULL,'128',NULL,NULL),('10.149.128.117','free',NULL,NULL,NULL,'128',NULL,NULL),('10.149.128.118','free',NULL,NULL,NULL,'128',NULL,NULL),('10.149.128.119','free',NULL,NULL,NULL,'128',NULL,NULL),('10.149.128.120','free',NULL,NULL,NULL,'128',NULL,NULL),('10.149.128.121','free',NULL,NULL,NULL,'128',NULL,NULL),('10.149.128.122','free',NULL,NULL,NULL,'128',NULL,NULL),('10.149.128.123','free',NULL,NULL,NULL,'128',NULL,NULL),('10.149.128.124','free',NULL,NULL,NULL,'128',NULL,NULL),('10.149.128.125','free',NULL,NULL,NULL,'128',NULL,NULL),('10.149.128.126','free',NULL,NULL,NULL,'128',NULL,NULL),('10.149.128.127','free',NULL,NULL,NULL,'128',NULL,NULL),('10.149.128.128','free',NULL,NULL,NULL,'128',NULL,NULL),('10.149.128.129','free',NULL,NULL,NULL,'128',NULL,NULL),('10.149.128.130','free',NULL,NULL,NULL,'128',NULL,NULL),('10.149.128.131','free',NULL,NULL,NULL,'128',NULL,NULL),('10.149.128.132','free',NULL,NULL,NULL,'128',NULL,NULL),('10.149.128.133','free',NULL,NULL,NULL,'128',NULL,NULL),('10.149.128.134','free',NULL,NULL,NULL,'128',NULL,NULL),('10.149.128.135','free',NULL,NULL,NULL,'128',NULL,NULL),('10.149.128.136','free',NULL,NULL,NULL,'128',NULL,NULL),('10.149.128.137','free',NULL,NULL,NULL,'128',NULL,NULL),('10.149.128.138','free',NULL,NULL,NULL,'128',NULL,NULL),('10.149.128.139','free',NULL,NULL,NULL,'128',NULL,NULL),('10.149.128.140','free',NULL,NULL,NULL,'128',NULL,NULL),('10.149.128.141','free',NULL,NULL,NULL,'128',NULL,NULL),('10.149.128.142','free',NULL,NULL,NULL,'128',NULL,NULL),('10.149.128.143','free',NULL,NULL,NULL,'128',NULL,NULL),('10.149.128.144','free',NULL,NULL,NULL,'128',NULL,NULL),('10.149.128.145','free',NULL,NULL,NULL,'128',NULL,NULL),('10.149.128.146','free',NULL,NULL,NULL,'128',NULL,NULL),('10.149.128.147','free',NULL,NULL,NULL,'128',NULL,NULL),('10.149.128.148','free',NULL,NULL,NULL,'128',NULL,NULL),('10.149.128.149','free',NULL,NULL,NULL,'128',NULL,NULL),('10.149.128.150','free',NULL,NULL,NULL,'128',NULL,NULL),('10.149.128.151','free',NULL,NULL,NULL,'128',NULL,NULL),('10.149.128.152','free',NULL,NULL,NULL,'128',NULL,NULL),('10.149.128.153','free',NULL,NULL,NULL,'128',NULL,NULL),('10.149.128.154','free',NULL,NULL,NULL,'128',NULL,NULL),('10.149.128.155','free',NULL,NULL,NULL,'128',NULL,NULL),('10.149.128.156','free',NULL,NULL,NULL,'128',NULL,NULL),('10.149.128.157','free',NULL,NULL,NULL,'128',NULL,NULL),('10.149.128.158','free',NULL,NULL,NULL,'128',NULL,NULL),('10.149.128.159','free',NULL,NULL,NULL,'128',NULL,NULL),('10.149.128.160','free',NULL,NULL,NULL,'128',NULL,NULL),('10.149.128.161','free',NULL,NULL,NULL,'128',NULL,NULL),('10.149.128.162','free',NULL,NULL,NULL,'128',NULL,NULL),('10.149.128.163','free',NULL,NULL,NULL,'128',NULL,NULL),('10.149.128.164','free',NULL,NULL,NULL,'128',NULL,NULL),('10.149.128.165','free',NULL,NULL,NULL,'128',NULL,NULL),('10.149.128.166','free',NULL,NULL,NULL,'128',NULL,NULL),('10.149.128.167','free',NULL,NULL,NULL,'128',NULL,NULL),('10.149.128.168','free',NULL,NULL,NULL,'128',NULL,NULL),('10.149.128.169','free',NULL,NULL,NULL,'128',NULL,NULL),('10.149.128.170','free',NULL,NULL,NULL,'128',NULL,NULL),('10.149.128.171','free',NULL,NULL,NULL,'128',NULL,NULL),('10.149.128.172','free',NULL,NULL,NULL,'128',NULL,NULL),('10.149.128.173','free',NULL,NULL,NULL,'128',NULL,NULL),('10.149.128.174','free',NULL,NULL,NULL,'128',NULL,NULL),('10.149.128.175','free',NULL,NULL,NULL,'128',NULL,NULL),('10.149.128.176','free',NULL,NULL,NULL,'128',NULL,NULL),('10.149.128.177','free',NULL,NULL,NULL,'128',NULL,NULL),('10.149.128.178','free',NULL,NULL,NULL,'128',NULL,NULL),('10.149.128.179','free',NULL,NULL,NULL,'128',NULL,NULL),('10.149.128.180','free',NULL,NULL,NULL,'128',NULL,NULL),('10.149.128.181','free',NULL,NULL,NULL,'128',NULL,NULL),('10.149.128.182','free',NULL,NULL,NULL,'128',NULL,NULL),('10.149.128.183','free',NULL,NULL,NULL,'128',NULL,NULL),('10.149.128.184','free',NULL,NULL,NULL,'128',NULL,NULL),('10.149.128.185','free',NULL,NULL,NULL,'128',NULL,NULL),('10.149.128.186','free',NULL,NULL,NULL,'128',NULL,NULL),('10.149.128.187','free',NULL,NULL,NULL,'128',NULL,NULL),('10.149.128.188','free',NULL,NULL,NULL,'128',NULL,NULL),('10.149.128.189','free',NULL,NULL,NULL,'128',NULL,NULL),('10.149.128.190','free',NULL,NULL,NULL,'128',NULL,NULL),('10.149.128.191','free',NULL,NULL,NULL,'128',NULL,NULL),('10.149.128.192','free',NULL,NULL,NULL,'128',NULL,NULL),('10.149.128.193','free',NULL,NULL,NULL,'128',NULL,NULL),('10.149.128.194','free',NULL,NULL,NULL,'128',NULL,NULL),('10.149.128.195','free',NULL,NULL,NULL,'128',NULL,NULL),('10.149.128.196','free',NULL,NULL,NULL,'128',NULL,NULL),('10.149.128.197','free',NULL,NULL,NULL,'128',NULL,NULL),('10.149.128.198','free',NULL,NULL,NULL,'128',NULL,NULL),('10.149.128.199','free',NULL,NULL,NULL,'128',NULL,NULL),('10.149.128.200','free',NULL,NULL,NULL,'128',NULL,NULL),('10.149.128.201','free',NULL,NULL,NULL,'128',NULL,NULL),('10.149.128.202','free',NULL,NULL,NULL,'128',NULL,NULL),('10.149.128.203','free',NULL,NULL,NULL,'128',NULL,NULL),('10.149.128.204','free',NULL,NULL,NULL,'128',NULL,NULL),('10.149.128.205','free',NULL,NULL,NULL,'128',NULL,NULL),('10.149.128.206','free',NULL,NULL,NULL,'128',NULL,NULL),('10.149.128.207','free',NULL,NULL,NULL,'128',NULL,NULL),('10.149.128.208','free',NULL,NULL,NULL,'128',NULL,NULL),('10.149.128.209','free',NULL,NULL,NULL,'128',NULL,NULL),('10.149.128.210','free',NULL,NULL,NULL,'128',NULL,NULL),('10.149.128.211','free',NULL,NULL,NULL,'128',NULL,NULL),('10.149.128.212','free',NULL,NULL,NULL,'128',NULL,NULL),('10.149.128.213','free',NULL,NULL,NULL,'128',NULL,NULL),('10.149.128.214','free',NULL,NULL,NULL,'128',NULL,NULL),('10.149.128.215','free',NULL,NULL,NULL,'128',NULL,NULL),('10.149.128.216','free',NULL,NULL,NULL,'128',NULL,NULL),('10.149.128.217','free',NULL,NULL,NULL,'128',NULL,NULL),('10.149.128.218','free',NULL,NULL,NULL,'128',NULL,NULL),('10.149.128.219','free',NULL,NULL,NULL,'128',NULL,NULL),('10.149.128.220','free',NULL,NULL,NULL,'128',NULL,NULL),('10.149.128.221','free',NULL,NULL,NULL,'128',NULL,NULL),('10.149.128.222','free',NULL,NULL,NULL,'128',NULL,NULL),('10.149.128.223','free',NULL,NULL,NULL,'128',NULL,NULL),('10.149.128.224','free',NULL,NULL,NULL,'128',NULL,NULL),('10.149.128.225','free',NULL,NULL,NULL,'128',NULL,NULL),('10.149.128.226','free',NULL,NULL,NULL,'128',NULL,NULL),('10.149.128.227','free',NULL,NULL,NULL,'128',NULL,NULL),('10.149.128.228','free',NULL,NULL,NULL,'128',NULL,NULL),('10.149.128.229','free',NULL,NULL,NULL,'128',NULL,NULL),('10.149.128.230','free',NULL,NULL,NULL,'128',NULL,NULL),('10.149.128.231','free',NULL,NULL,NULL,'128',NULL,NULL),('10.149.128.232','free',NULL,NULL,NULL,'128',NULL,NULL),('10.149.128.233','free',NULL,NULL,NULL,'128',NULL,NULL),('10.149.128.234','free',NULL,NULL,NULL,'128',NULL,NULL),('10.149.128.235','free',NULL,NULL,NULL,'128',NULL,NULL),('10.149.128.236','free',NULL,NULL,NULL,'128',NULL,NULL),('10.149.128.237','free',NULL,NULL,NULL,'128',NULL,NULL),('10.149.128.238','free',NULL,NULL,NULL,'128',NULL,NULL),('10.149.128.239','free',NULL,NULL,NULL,'128',NULL,NULL),('10.149.128.240','free',NULL,NULL,NULL,'128',NULL,NULL),('10.149.128.241','free',NULL,NULL,NULL,'128',NULL,NULL),('10.149.128.242','free',NULL,NULL,NULL,'128',NULL,NULL),('10.149.128.243','free',NULL,NULL,NULL,'128',NULL,NULL),('10.149.128.244','free',NULL,NULL,NULL,'128',NULL,NULL),('10.149.128.245','free',NULL,NULL,NULL,'128',NULL,NULL),('10.149.128.246','free',NULL,NULL,NULL,'128',NULL,NULL),('10.149.128.247','free',NULL,NULL,NULL,'128',NULL,NULL),('10.149.128.248','free',NULL,NULL,NULL,'128',NULL,NULL),('10.149.128.249','free',NULL,NULL,NULL,'128',NULL,NULL),('10.149.128.250','free',NULL,NULL,NULL,'128',NULL,NULL),('10.149.128.251','free',NULL,NULL,NULL,'128',NULL,NULL),('10.149.128.252','free',NULL,NULL,NULL,'128',NULL,NULL),('10.149.128.253','free',NULL,NULL,NULL,'128',NULL,NULL),('10.149.128.254','free',NULL,NULL,NULL,'128',NULL,NULL),('10.149.129.1','free',NULL,NULL,NULL,'129',NULL,NULL),('10.149.129.2','free',NULL,NULL,NULL,'129',NULL,NULL),('10.149.129.3','free',NULL,NULL,NULL,'129',NULL,NULL),('10.149.129.4','free',NULL,NULL,NULL,'129',NULL,NULL),('10.149.129.5','free',NULL,NULL,NULL,'129',NULL,NULL),('10.149.129.6','free',NULL,NULL,NULL,'129',NULL,NULL),('10.149.129.7','free',NULL,NULL,NULL,'129',NULL,NULL),('10.149.129.8','free',NULL,NULL,NULL,'129',NULL,NULL),('10.149.129.9','free',NULL,NULL,NULL,'129',NULL,NULL),('10.149.129.10','free',NULL,NULL,NULL,'129',NULL,NULL),('10.149.129.11','free',NULL,NULL,NULL,'129',NULL,NULL),('10.149.129.12','free',NULL,NULL,NULL,'129',NULL,NULL),('10.149.129.13','free',NULL,NULL,NULL,'129',NULL,NULL),('10.149.129.14','free',NULL,NULL,NULL,'129',NULL,NULL),('10.149.129.15','free',NULL,NULL,NULL,'129',NULL,NULL),('10.149.129.16','free',NULL,NULL,NULL,'129',NULL,NULL),('10.149.129.17','free',NULL,NULL,NULL,'129',NULL,NULL),('10.149.129.18','free',NULL,NULL,NULL,'129',NULL,NULL),('10.149.129.19','free',NULL,NULL,NULL,'129',NULL,NULL),('10.149.129.20','free',NULL,NULL,NULL,'129',NULL,NULL),('10.149.129.21','free',NULL,NULL,NULL,'129',NULL,NULL),('10.149.129.22','free',NULL,NULL,NULL,'129',NULL,NULL),('10.149.129.23','free',NULL,NULL,NULL,'129',NULL,NULL),('10.149.129.24','free',NULL,NULL,NULL,'129',NULL,NULL),('10.149.129.25','free',NULL,NULL,NULL,'129',NULL,NULL),('10.149.129.26','free',NULL,NULL,NULL,'129',NULL,NULL),('10.149.129.27','free',NULL,NULL,NULL,'129',NULL,NULL),('10.149.129.28','free',NULL,NULL,NULL,'129',NULL,NULL),('10.149.129.29','free',NULL,NULL,NULL,'129',NULL,NULL),('10.149.129.30','free',NULL,NULL,NULL,'129',NULL,NULL),('10.149.129.31','free',NULL,NULL,NULL,'129',NULL,NULL),('10.149.129.32','free',NULL,NULL,NULL,'129',NULL,NULL),('10.149.129.33','free',NULL,NULL,NULL,'129',NULL,NULL),('10.149.129.34','free',NULL,NULL,NULL,'129',NULL,NULL),('10.149.129.35','free',NULL,NULL,NULL,'129',NULL,NULL),('10.149.129.36','free',NULL,NULL,NULL,'129',NULL,NULL),('10.149.129.37','free',NULL,NULL,NULL,'129',NULL,NULL),('10.149.129.38','free',NULL,NULL,NULL,'129',NULL,NULL),('10.149.129.39','free',NULL,NULL,NULL,'129',NULL,NULL),('10.149.129.40','free',NULL,NULL,NULL,'129',NULL,NULL),('10.149.129.41','free',NULL,NULL,NULL,'129',NULL,NULL),('10.149.129.42','free',NULL,NULL,NULL,'129',NULL,NULL),('10.149.129.43','free',NULL,NULL,NULL,'129',NULL,NULL),('10.149.129.44','free',NULL,NULL,NULL,'129',NULL,NULL),('10.149.129.45','free',NULL,NULL,NULL,'129',NULL,NULL),('10.149.129.46','free',NULL,NULL,NULL,'129',NULL,NULL),('10.149.129.47','free',NULL,NULL,NULL,'129',NULL,NULL),('10.149.129.48','free',NULL,NULL,NULL,'129',NULL,NULL),('10.149.129.49','free',NULL,NULL,NULL,'129',NULL,NULL),('10.149.129.50','free',NULL,NULL,NULL,'129',NULL,NULL),('10.149.129.51','free',NULL,NULL,NULL,'129',NULL,NULL),('10.149.129.52','free',NULL,NULL,NULL,'129',NULL,NULL),('10.149.129.53','free',NULL,NULL,NULL,'129',NULL,NULL),('10.149.129.54','free',NULL,NULL,NULL,'129',NULL,NULL),('10.149.129.55','free',NULL,NULL,NULL,'129',NULL,NULL),('10.149.129.56','free',NULL,NULL,NULL,'129',NULL,NULL),('10.149.129.57','free',NULL,NULL,NULL,'129',NULL,NULL),('10.149.129.58','free',NULL,NULL,NULL,'129',NULL,NULL),('10.149.129.59','free',NULL,NULL,NULL,'129',NULL,NULL),('10.149.129.60','free',NULL,NULL,NULL,'129',NULL,NULL),('10.149.129.61','free',NULL,NULL,NULL,'129',NULL,NULL),('10.149.129.62','free',NULL,NULL,NULL,'129',NULL,NULL),('10.149.129.63','free',NULL,NULL,NULL,'129',NULL,NULL),('10.149.129.64','free',NULL,NULL,NULL,'129',NULL,NULL),('10.149.129.65','free',NULL,NULL,NULL,'129',NULL,NULL),('10.149.129.66','free',NULL,NULL,NULL,'129',NULL,NULL),('10.149.129.67','free',NULL,NULL,NULL,'129',NULL,NULL),('10.149.129.68','free',NULL,NULL,NULL,'129',NULL,NULL),('10.149.129.69','free',NULL,NULL,NULL,'129',NULL,NULL),('10.149.129.70','free',NULL,NULL,NULL,'129',NULL,NULL),('10.149.129.71','free',NULL,NULL,NULL,'129',NULL,NULL),('10.149.129.72','free',NULL,NULL,NULL,'129',NULL,NULL),('10.149.129.73','free',NULL,NULL,NULL,'129',NULL,NULL),('10.149.129.74','free',NULL,NULL,NULL,'129',NULL,NULL),('10.149.129.75','free',NULL,NULL,NULL,'129',NULL,NULL),('10.149.129.76','free',NULL,NULL,NULL,'129',NULL,NULL),('10.149.129.77','free',NULL,NULL,NULL,'129',NULL,NULL),('10.149.129.78','free',NULL,NULL,NULL,'129',NULL,NULL),('10.149.129.79','free',NULL,NULL,NULL,'129',NULL,NULL),('10.149.129.80','free',NULL,NULL,NULL,'129',NULL,NULL),('10.149.129.81','free',NULL,NULL,NULL,'129',NULL,NULL),('10.149.129.82','free',NULL,NULL,NULL,'129',NULL,NULL),('10.149.129.83','free',NULL,NULL,NULL,'129',NULL,NULL),('10.149.129.84','free',NULL,NULL,NULL,'129',NULL,NULL),('10.149.129.85','free',NULL,NULL,NULL,'129',NULL,NULL),('10.149.129.86','free',NULL,NULL,NULL,'129',NULL,NULL),('10.149.129.87','free',NULL,NULL,NULL,'129',NULL,NULL),('10.149.129.88','free',NULL,NULL,NULL,'129',NULL,NULL),('10.149.129.89','free',NULL,NULL,NULL,'129',NULL,NULL),('10.149.129.90','free',NULL,NULL,NULL,'129',NULL,NULL),('10.149.129.91','free',NULL,NULL,NULL,'129',NULL,NULL),('10.149.129.92','free',NULL,NULL,NULL,'129',NULL,NULL),('10.149.129.93','free',NULL,NULL,NULL,'129',NULL,NULL),('10.149.129.94','free',NULL,NULL,NULL,'129',NULL,NULL),('10.149.129.95','free',NULL,NULL,NULL,'129',NULL,NULL),('10.149.129.96','free',NULL,NULL,NULL,'129',NULL,NULL),('10.149.129.97','free',NULL,NULL,NULL,'129',NULL,NULL),('10.149.129.98','free',NULL,NULL,NULL,'129',NULL,NULL),('10.149.129.99','free',NULL,NULL,NULL,'129',NULL,NULL),('10.149.129.100','free',NULL,NULL,NULL,'129',NULL,NULL),('10.149.129.101','free',NULL,NULL,NULL,'129',NULL,NULL),('10.149.129.102','free',NULL,NULL,NULL,'129',NULL,NULL),('10.149.129.103','free',NULL,NULL,NULL,'129',NULL,NULL),('10.149.129.104','free',NULL,NULL,NULL,'129',NULL,NULL),('10.149.129.105','free',NULL,NULL,NULL,'129',NULL,NULL),('10.149.129.106','free',NULL,NULL,NULL,'129',NULL,NULL),('10.149.129.107','free',NULL,NULL,NULL,'129',NULL,NULL),('10.149.129.108','free',NULL,NULL,NULL,'129',NULL,NULL),('10.149.129.109','free',NULL,NULL,NULL,'129',NULL,NULL),('10.149.129.110','free',NULL,NULL,NULL,'129',NULL,NULL),('10.149.129.111','free',NULL,NULL,NULL,'129',NULL,NULL),('10.149.129.112','free',NULL,NULL,NULL,'129',NULL,NULL),('10.149.129.113','free',NULL,NULL,NULL,'129',NULL,NULL),('10.149.129.114','free',NULL,NULL,NULL,'129',NULL,NULL),('10.149.129.115','free',NULL,NULL,NULL,'129',NULL,NULL),('10.149.129.116','free',NULL,NULL,NULL,'129',NULL,NULL),('10.149.129.117','free',NULL,NULL,NULL,'129',NULL,NULL),('10.149.129.118','free',NULL,NULL,NULL,'129',NULL,NULL),('10.149.129.119','free',NULL,NULL,NULL,'129',NULL,NULL),('10.149.129.120','free',NULL,NULL,NULL,'129',NULL,NULL),('10.149.129.121','free',NULL,NULL,NULL,'129',NULL,NULL),('10.149.129.122','free',NULL,NULL,NULL,'129',NULL,NULL),('10.149.129.123','free',NULL,NULL,NULL,'129',NULL,NULL),('10.149.129.124','free',NULL,NULL,NULL,'129',NULL,NULL),('10.149.129.125','free',NULL,NULL,NULL,'129',NULL,NULL),('10.149.129.126','free',NULL,NULL,NULL,'129',NULL,NULL),('10.149.129.127','free',NULL,NULL,NULL,'129',NULL,NULL),('10.149.129.128','free',NULL,NULL,NULL,'129',NULL,NULL),('10.149.129.129','free',NULL,NULL,NULL,'129',NULL,NULL),('10.149.129.130','free',NULL,NULL,NULL,'129',NULL,NULL),('10.149.129.131','free',NULL,NULL,NULL,'129',NULL,NULL),('10.149.129.132','free',NULL,NULL,NULL,'129',NULL,NULL),('10.149.129.133','free',NULL,NULL,NULL,'129',NULL,NULL),('10.149.129.134','free',NULL,NULL,NULL,'129',NULL,NULL),('10.149.129.135','free',NULL,NULL,NULL,'129',NULL,NULL),('10.149.129.136','free',NULL,NULL,NULL,'129',NULL,NULL),('10.149.129.137','free',NULL,NULL,NULL,'129',NULL,NULL),('10.149.129.138','free',NULL,NULL,NULL,'129',NULL,NULL),('10.149.129.139','free',NULL,NULL,NULL,'129',NULL,NULL),('10.149.129.140','free',NULL,NULL,NULL,'129',NULL,NULL),('10.149.129.141','free',NULL,NULL,NULL,'129',NULL,NULL),('10.149.129.142','free',NULL,NULL,NULL,'129',NULL,NULL),('10.149.129.143','free',NULL,NULL,NULL,'129',NULL,NULL),('10.149.129.144','free',NULL,NULL,NULL,'129',NULL,NULL),('10.149.129.145','free',NULL,NULL,NULL,'129',NULL,NULL),('10.149.129.146','free',NULL,NULL,NULL,'129',NULL,NULL),('10.149.129.147','free',NULL,NULL,NULL,'129',NULL,NULL),('10.149.129.148','free',NULL,NULL,NULL,'129',NULL,NULL),('10.149.129.149','free',NULL,NULL,NULL,'129',NULL,NULL),('10.149.129.150','free',NULL,NULL,NULL,'129',NULL,NULL),('10.149.129.151','free',NULL,NULL,NULL,'129',NULL,NULL),('10.149.129.152','free',NULL,NULL,NULL,'129',NULL,NULL),('10.149.129.153','free',NULL,NULL,NULL,'129',NULL,NULL),('10.149.129.154','free',NULL,NULL,NULL,'129',NULL,NULL),('10.149.129.155','free',NULL,NULL,NULL,'129',NULL,NULL),('10.149.129.156','free',NULL,NULL,NULL,'129',NULL,NULL),('10.149.129.157','free',NULL,NULL,NULL,'129',NULL,NULL),('10.149.129.158','free',NULL,NULL,NULL,'129',NULL,NULL),('10.149.129.159','free',NULL,NULL,NULL,'129',NULL,NULL),('10.149.129.160','free',NULL,NULL,NULL,'129',NULL,NULL),('10.149.129.161','free',NULL,NULL,NULL,'129',NULL,NULL),('10.149.129.162','free',NULL,NULL,NULL,'129',NULL,NULL),('10.149.129.163','free',NULL,NULL,NULL,'129',NULL,NULL),('10.149.129.164','free',NULL,NULL,NULL,'129',NULL,NULL),('10.149.129.165','free',NULL,NULL,NULL,'129',NULL,NULL),('10.149.129.166','free',NULL,NULL,NULL,'129',NULL,NULL),('10.149.129.167','free',NULL,NULL,NULL,'129',NULL,NULL),('10.149.129.168','free',NULL,NULL,NULL,'129',NULL,NULL),('10.149.129.169','free',NULL,NULL,NULL,'129',NULL,NULL),('10.149.129.170','free',NULL,NULL,NULL,'129',NULL,NULL),('10.149.129.171','free',NULL,NULL,NULL,'129',NULL,NULL),('10.149.129.172','free',NULL,NULL,NULL,'129',NULL,NULL),('10.149.129.173','free',NULL,NULL,NULL,'129',NULL,NULL),('10.149.129.174','free',NULL,NULL,NULL,'129',NULL,NULL),('10.149.129.175','free',NULL,NULL,NULL,'129',NULL,NULL),('10.149.129.176','free',NULL,NULL,NULL,'129',NULL,NULL),('10.149.129.177','free',NULL,NULL,NULL,'129',NULL,NULL),('10.149.129.178','free',NULL,NULL,NULL,'129',NULL,NULL),('10.149.129.179','free',NULL,NULL,NULL,'129',NULL,NULL),('10.149.129.180','free',NULL,NULL,NULL,'129',NULL,NULL),('10.149.129.181','free',NULL,NULL,NULL,'129',NULL,NULL),('10.149.129.182','free',NULL,NULL,NULL,'129',NULL,NULL),('10.149.129.183','free',NULL,NULL,NULL,'129',NULL,NULL),('10.149.129.184','free',NULL,NULL,NULL,'129',NULL,NULL),('10.149.129.185','free',NULL,NULL,NULL,'129',NULL,NULL),('10.149.129.186','free',NULL,NULL,NULL,'129',NULL,NULL),('10.149.129.187','free',NULL,NULL,NULL,'129',NULL,NULL),('10.149.129.188','free',NULL,NULL,NULL,'129',NULL,NULL),('10.149.129.189','free',NULL,NULL,NULL,'129',NULL,NULL),('10.149.129.190','free',NULL,NULL,NULL,'129',NULL,NULL),('10.149.129.191','free',NULL,NULL,NULL,'129',NULL,NULL),('10.149.129.192','free',NULL,NULL,NULL,'129',NULL,NULL),('10.149.129.193','free',NULL,NULL,NULL,'129',NULL,NULL),('10.149.129.194','free',NULL,NULL,NULL,'129',NULL,NULL),('10.149.129.195','free',NULL,NULL,NULL,'129',NULL,NULL),('10.149.129.196','free',NULL,NULL,NULL,'129',NULL,NULL),('10.149.129.197','free',NULL,NULL,NULL,'129',NULL,NULL),('10.149.129.198','free',NULL,NULL,NULL,'129',NULL,NULL),('10.149.129.199','free',NULL,NULL,NULL,'129',NULL,NULL),('10.149.129.200','free',NULL,NULL,NULL,'129',NULL,NULL),('10.149.129.201','free',NULL,NULL,NULL,'129',NULL,NULL),('10.149.129.202','free',NULL,NULL,NULL,'129',NULL,NULL),('10.149.129.203','free',NULL,NULL,NULL,'129',NULL,NULL),('10.149.129.204','free',NULL,NULL,NULL,'129',NULL,NULL),('10.149.129.205','free',NULL,NULL,NULL,'129',NULL,NULL),('10.149.129.206','free',NULL,NULL,NULL,'129',NULL,NULL),('10.149.129.207','free',NULL,NULL,NULL,'129',NULL,NULL),('10.149.129.208','free',NULL,NULL,NULL,'129',NULL,NULL),('10.149.129.209','free',NULL,NULL,NULL,'129',NULL,NULL),('10.149.129.210','free',NULL,NULL,NULL,'129',NULL,NULL),('10.149.129.211','free',NULL,NULL,NULL,'129',NULL,NULL),('10.149.129.212','free',NULL,NULL,NULL,'129',NULL,NULL),('10.149.129.213','free',NULL,NULL,NULL,'129',NULL,NULL),('10.149.129.214','free',NULL,NULL,NULL,'129',NULL,NULL),('10.149.129.215','free',NULL,NULL,NULL,'129',NULL,NULL),('10.149.129.216','free',NULL,NULL,NULL,'129',NULL,NULL),('10.149.129.217','free',NULL,NULL,NULL,'129',NULL,NULL),('10.149.129.218','free',NULL,NULL,NULL,'129',NULL,NULL),('10.149.129.219','free',NULL,NULL,NULL,'129',NULL,NULL),('10.149.129.220','free',NULL,NULL,NULL,'129',NULL,NULL),('10.149.129.221','free',NULL,NULL,NULL,'129',NULL,NULL),('10.149.129.222','free',NULL,NULL,NULL,'129',NULL,NULL),('10.149.129.223','free',NULL,NULL,NULL,'129',NULL,NULL),('10.149.129.224','free',NULL,NULL,NULL,'129',NULL,NULL),('10.149.129.225','free',NULL,NULL,NULL,'129',NULL,NULL),('10.149.129.226','free',NULL,NULL,NULL,'129',NULL,NULL),('10.149.129.227','free',NULL,NULL,NULL,'129',NULL,NULL),('10.149.129.228','free',NULL,NULL,NULL,'129',NULL,NULL),('10.149.129.229','free',NULL,NULL,NULL,'129',NULL,NULL),('10.149.129.230','free',NULL,NULL,NULL,'129',NULL,NULL),('10.149.129.231','free',NULL,NULL,NULL,'129',NULL,NULL),('10.149.129.232','free',NULL,NULL,NULL,'129',NULL,NULL),('10.149.129.233','free',NULL,NULL,NULL,'129',NULL,NULL),('10.149.129.234','free',NULL,NULL,NULL,'129',NULL,NULL),('10.149.129.235','free',NULL,NULL,NULL,'129',NULL,NULL),('10.149.129.236','free',NULL,NULL,NULL,'129',NULL,NULL),('10.149.129.237','free',NULL,NULL,NULL,'129',NULL,NULL),('10.149.129.238','free',NULL,NULL,NULL,'129',NULL,NULL),('10.149.129.239','free',NULL,NULL,NULL,'129',NULL,NULL),('10.149.129.240','free',NULL,NULL,NULL,'129',NULL,NULL),('10.149.129.241','free',NULL,NULL,NULL,'129',NULL,NULL),('10.149.129.242','free',NULL,NULL,NULL,'129',NULL,NULL),('10.149.129.243','free',NULL,NULL,NULL,'129',NULL,NULL),('10.149.129.244','free',NULL,NULL,NULL,'129',NULL,NULL),('10.149.129.245','free',NULL,NULL,NULL,'129',NULL,NULL),('10.149.129.246','free',NULL,NULL,NULL,'129',NULL,NULL),('10.149.129.247','free',NULL,NULL,NULL,'129',NULL,NULL),('10.149.129.248','free',NULL,NULL,NULL,'129',NULL,NULL),('10.149.129.249','free',NULL,NULL,NULL,'129',NULL,NULL),('10.149.129.250','free',NULL,NULL,NULL,'129',NULL,NULL),('10.149.129.251','free',NULL,NULL,NULL,'129',NULL,NULL),('10.149.129.252','free',NULL,NULL,NULL,'129',NULL,NULL),('10.149.129.253','free',NULL,NULL,NULL,'129',NULL,NULL),('10.149.129.254','free',NULL,NULL,NULL,'129',NULL,NULL),('10.149.130.1','free',NULL,NULL,NULL,'130',NULL,NULL),('10.149.130.2','free',NULL,NULL,NULL,'130',NULL,NULL),('10.149.130.3','free',NULL,NULL,NULL,'130',NULL,NULL),('10.149.130.4','free',NULL,NULL,NULL,'130',NULL,NULL),('10.149.130.5','free',NULL,NULL,NULL,'130',NULL,NULL),('10.149.130.6','free',NULL,NULL,NULL,'130',NULL,NULL),('10.149.130.7','free',NULL,NULL,NULL,'130',NULL,NULL),('10.149.130.8','free',NULL,NULL,NULL,'130',NULL,NULL),('10.149.130.9','free',NULL,NULL,NULL,'130',NULL,NULL),('10.149.130.10','free',NULL,NULL,NULL,'130',NULL,NULL),('10.149.130.11','free',NULL,NULL,NULL,'130',NULL,NULL),('10.149.130.12','free',NULL,NULL,NULL,'130',NULL,NULL),('10.149.130.13','free',NULL,NULL,NULL,'130',NULL,NULL),('10.149.130.14','free',NULL,NULL,NULL,'130',NULL,NULL),('10.149.130.15','free',NULL,NULL,NULL,'130',NULL,NULL),('10.149.130.16','free',NULL,NULL,NULL,'130',NULL,NULL),('10.149.130.17','free',NULL,NULL,NULL,'130',NULL,NULL),('10.149.130.18','free',NULL,NULL,NULL,'130',NULL,NULL),('10.149.130.19','free',NULL,NULL,NULL,'130',NULL,NULL),('10.149.130.20','free',NULL,NULL,NULL,'130',NULL,NULL),('10.149.130.21','free',NULL,NULL,NULL,'130',NULL,NULL),('10.149.130.22','free',NULL,NULL,NULL,'130',NULL,NULL),('10.149.130.23','free',NULL,NULL,NULL,'130',NULL,NULL),('10.149.130.24','free',NULL,NULL,NULL,'130',NULL,NULL),('10.149.130.25','free',NULL,NULL,NULL,'130',NULL,NULL),('10.149.130.26','free',NULL,NULL,NULL,'130',NULL,NULL),('10.149.130.27','free',NULL,NULL,NULL,'130',NULL,NULL),('10.149.130.28','free',NULL,NULL,NULL,'130',NULL,NULL),('10.149.130.29','free',NULL,NULL,NULL,'130',NULL,NULL),('10.149.130.30','free',NULL,NULL,NULL,'130',NULL,NULL),('10.149.130.31','free',NULL,NULL,NULL,'130',NULL,NULL),('10.149.130.32','free',NULL,NULL,NULL,'130',NULL,NULL),('10.149.130.33','free',NULL,NULL,NULL,'130',NULL,NULL),('10.149.130.34','free',NULL,NULL,NULL,'130',NULL,NULL),('10.149.130.35','free',NULL,NULL,NULL,'130',NULL,NULL),('10.149.130.36','free',NULL,NULL,NULL,'130',NULL,NULL),('10.149.130.37','free',NULL,NULL,NULL,'130',NULL,NULL),('10.149.130.38','free',NULL,NULL,NULL,'130',NULL,NULL),('10.149.130.39','free',NULL,NULL,NULL,'130',NULL,NULL),('10.149.130.40','free',NULL,NULL,NULL,'130',NULL,NULL),('10.149.130.41','free',NULL,NULL,NULL,'130',NULL,NULL),('10.149.130.42','free',NULL,NULL,NULL,'130',NULL,NULL),('10.149.130.43','free',NULL,NULL,NULL,'130',NULL,NULL),('10.149.130.44','free',NULL,NULL,NULL,'130',NULL,NULL),('10.149.130.45','free',NULL,NULL,NULL,'130',NULL,NULL),('10.149.130.46','free',NULL,NULL,NULL,'130',NULL,NULL),('10.149.130.47','free',NULL,NULL,NULL,'130',NULL,NULL),('10.149.130.48','free',NULL,NULL,NULL,'130',NULL,NULL),('10.149.130.49','free',NULL,NULL,NULL,'130',NULL,NULL),('10.149.130.50','free',NULL,NULL,NULL,'130',NULL,NULL),('10.149.130.51','free',NULL,NULL,NULL,'130',NULL,NULL),('10.149.130.52','free',NULL,NULL,NULL,'130',NULL,NULL),('10.149.130.53','free',NULL,NULL,NULL,'130',NULL,NULL),('10.149.130.54','free',NULL,NULL,NULL,'130',NULL,NULL),('10.149.130.55','free',NULL,NULL,NULL,'130',NULL,NULL),('10.149.130.56','free',NULL,NULL,NULL,'130',NULL,NULL),('10.149.130.57','free',NULL,NULL,NULL,'130',NULL,NULL),('10.149.130.58','free',NULL,NULL,NULL,'130',NULL,NULL),('10.149.130.59','free',NULL,NULL,NULL,'130',NULL,NULL),('10.149.130.60','free',NULL,NULL,NULL,'130',NULL,NULL),('10.149.130.61','free',NULL,NULL,NULL,'130',NULL,NULL),('10.149.130.62','free',NULL,NULL,NULL,'130',NULL,NULL),('10.149.130.63','free',NULL,NULL,NULL,'130',NULL,NULL),('10.149.130.64','free',NULL,NULL,NULL,'130',NULL,NULL),('10.149.130.65','free',NULL,NULL,NULL,'130',NULL,NULL),('10.149.130.66','free',NULL,NULL,NULL,'130',NULL,NULL),('10.149.130.67','free',NULL,NULL,NULL,'130',NULL,NULL),('10.149.130.68','free',NULL,NULL,NULL,'130',NULL,NULL),('10.149.130.69','free',NULL,NULL,NULL,'130',NULL,NULL),('10.149.130.70','free',NULL,NULL,NULL,'130',NULL,NULL),('10.149.130.71','free',NULL,NULL,NULL,'130',NULL,NULL),('10.149.130.72','free',NULL,NULL,NULL,'130',NULL,NULL),('10.149.130.73','free',NULL,NULL,NULL,'130',NULL,NULL),('10.149.130.74','free',NULL,NULL,NULL,'130',NULL,NULL),('10.149.130.75','free',NULL,NULL,NULL,'130',NULL,NULL),('10.149.130.76','free',NULL,NULL,NULL,'130',NULL,NULL),('10.149.130.77','free',NULL,NULL,NULL,'130',NULL,NULL),('10.149.130.78','free',NULL,NULL,NULL,'130',NULL,NULL),('10.149.130.79','free',NULL,NULL,NULL,'130',NULL,NULL),('10.149.130.80','free',NULL,NULL,NULL,'130',NULL,NULL),('10.149.130.81','free',NULL,NULL,NULL,'130',NULL,NULL),('10.149.130.82','free',NULL,NULL,NULL,'130',NULL,NULL),('10.149.130.83','free',NULL,NULL,NULL,'130',NULL,NULL),('10.149.130.84','free',NULL,NULL,NULL,'130',NULL,NULL),('10.149.130.85','free',NULL,NULL,NULL,'130',NULL,NULL),('10.149.130.86','free',NULL,NULL,NULL,'130',NULL,NULL),('10.149.130.87','free',NULL,NULL,NULL,'130',NULL,NULL),('10.149.130.88','free',NULL,NULL,NULL,'130',NULL,NULL),('10.149.130.89','free',NULL,NULL,NULL,'130',NULL,NULL),('10.149.130.90','free',NULL,NULL,NULL,'130',NULL,NULL),('10.149.130.91','free',NULL,NULL,NULL,'130',NULL,NULL),('10.149.130.92','free',NULL,NULL,NULL,'130',NULL,NULL),('10.149.130.93','free',NULL,NULL,NULL,'130',NULL,NULL),('10.149.130.94','free',NULL,NULL,NULL,'130',NULL,NULL),('10.149.130.95','free',NULL,NULL,NULL,'130',NULL,NULL),('10.149.130.96','free',NULL,NULL,NULL,'130',NULL,NULL),('10.149.130.97','free',NULL,NULL,NULL,'130',NULL,NULL),('10.149.130.98','free',NULL,NULL,NULL,'130',NULL,NULL),('10.149.130.99','free',NULL,NULL,NULL,'130',NULL,NULL),('10.149.130.100','free',NULL,NULL,NULL,'130',NULL,NULL),('10.149.130.101','free',NULL,NULL,NULL,'130',NULL,NULL),('10.149.130.102','free',NULL,NULL,NULL,'130',NULL,NULL),('10.149.130.103','free',NULL,NULL,NULL,'130',NULL,NULL),('10.149.130.104','free',NULL,NULL,NULL,'130',NULL,NULL),('10.149.130.105','free',NULL,NULL,NULL,'130',NULL,NULL),('10.149.130.106','free',NULL,NULL,NULL,'130',NULL,NULL),('10.149.130.107','free',NULL,NULL,NULL,'130',NULL,NULL),('10.149.130.108','free',NULL,NULL,NULL,'130',NULL,NULL),('10.149.130.109','free',NULL,NULL,NULL,'130',NULL,NULL),('10.149.130.110','free',NULL,NULL,NULL,'130',NULL,NULL),('10.149.130.111','free',NULL,NULL,NULL,'130',NULL,NULL),('10.149.130.112','free',NULL,NULL,NULL,'130',NULL,NULL),('10.149.130.113','free',NULL,NULL,NULL,'130',NULL,NULL),('10.149.130.114','free',NULL,NULL,NULL,'130',NULL,NULL),('10.149.130.115','free',NULL,NULL,NULL,'130',NULL,NULL),('10.149.130.116','free',NULL,NULL,NULL,'130',NULL,NULL),('10.149.130.117','free',NULL,NULL,NULL,'130',NULL,NULL),('10.149.130.118','free',NULL,NULL,NULL,'130',NULL,NULL),('10.149.130.119','free',NULL,NULL,NULL,'130',NULL,NULL),('10.149.130.120','free',NULL,NULL,NULL,'130',NULL,NULL),('10.149.130.121','free',NULL,NULL,NULL,'130',NULL,NULL),('10.149.130.122','free',NULL,NULL,NULL,'130',NULL,NULL),('10.149.130.123','free',NULL,NULL,NULL,'130',NULL,NULL),('10.149.130.124','free',NULL,NULL,NULL,'130',NULL,NULL),('10.149.130.125','free',NULL,NULL,NULL,'130',NULL,NULL),('10.149.130.126','free',NULL,NULL,NULL,'130',NULL,NULL),('10.149.130.127','free',NULL,NULL,NULL,'130',NULL,NULL),('10.149.130.128','free',NULL,NULL,NULL,'130',NULL,NULL),('10.149.130.129','free',NULL,NULL,NULL,'130',NULL,NULL),('10.149.130.130','free',NULL,NULL,NULL,'130',NULL,NULL),('10.149.130.131','free',NULL,NULL,NULL,'130',NULL,NULL),('10.149.130.132','free',NULL,NULL,NULL,'130',NULL,NULL),('10.149.130.133','free',NULL,NULL,NULL,'130',NULL,NULL),('10.149.130.134','free',NULL,NULL,NULL,'130',NULL,NULL),('10.149.130.135','free',NULL,NULL,NULL,'130',NULL,NULL),('10.149.130.136','free',NULL,NULL,NULL,'130',NULL,NULL),('10.149.130.137','free',NULL,NULL,NULL,'130',NULL,NULL),('10.149.130.138','free',NULL,NULL,NULL,'130',NULL,NULL),('10.149.130.139','free',NULL,NULL,NULL,'130',NULL,NULL),('10.149.130.140','free',NULL,NULL,NULL,'130',NULL,NULL),('10.149.130.141','free',NULL,NULL,NULL,'130',NULL,NULL),('10.149.130.142','free',NULL,NULL,NULL,'130',NULL,NULL),('10.149.130.143','free',NULL,NULL,NULL,'130',NULL,NULL),('10.149.130.144','free',NULL,NULL,NULL,'130',NULL,NULL),('10.149.130.145','free',NULL,NULL,NULL,'130',NULL,NULL),('10.149.130.146','free',NULL,NULL,NULL,'130',NULL,NULL),('10.149.130.147','free',NULL,NULL,NULL,'130',NULL,NULL),('10.149.130.148','free',NULL,NULL,NULL,'130',NULL,NULL),('10.149.130.149','free',NULL,NULL,NULL,'130',NULL,NULL),('10.149.130.150','free',NULL,NULL,NULL,'130',NULL,NULL),('10.149.130.151','free',NULL,NULL,NULL,'130',NULL,NULL),('10.149.130.152','free',NULL,NULL,NULL,'130',NULL,NULL),('10.149.130.153','free',NULL,NULL,NULL,'130',NULL,NULL),('10.149.130.154','free',NULL,NULL,NULL,'130',NULL,NULL),('10.149.130.155','free',NULL,NULL,NULL,'130',NULL,NULL),('10.149.130.156','free',NULL,NULL,NULL,'130',NULL,NULL),('10.149.130.157','free',NULL,NULL,NULL,'130',NULL,NULL),('10.149.130.158','free',NULL,NULL,NULL,'130',NULL,NULL),('10.149.130.159','free',NULL,NULL,NULL,'130',NULL,NULL),('10.149.130.160','free',NULL,NULL,NULL,'130',NULL,NULL),('10.149.130.161','free',NULL,NULL,NULL,'130',NULL,NULL),('10.149.130.162','free',NULL,NULL,NULL,'130',NULL,NULL),('10.149.130.163','free',NULL,NULL,NULL,'130',NULL,NULL),('10.149.130.164','free',NULL,NULL,NULL,'130',NULL,NULL),('10.149.130.165','free',NULL,NULL,NULL,'130',NULL,NULL),('10.149.130.166','free',NULL,NULL,NULL,'130',NULL,NULL),('10.149.130.167','free',NULL,NULL,NULL,'130',NULL,NULL),('10.149.130.168','free',NULL,NULL,NULL,'130',NULL,NULL),('10.149.130.169','free',NULL,NULL,NULL,'130',NULL,NULL),('10.149.130.170','free',NULL,NULL,NULL,'130',NULL,NULL),('10.149.130.171','free',NULL,NULL,NULL,'130',NULL,NULL),('10.149.130.172','free',NULL,NULL,NULL,'130',NULL,NULL),('10.149.130.173','free',NULL,NULL,NULL,'130',NULL,NULL),('10.149.130.174','free',NULL,NULL,NULL,'130',NULL,NULL),('10.149.130.175','free',NULL,NULL,NULL,'130',NULL,NULL),('10.149.130.176','free',NULL,NULL,NULL,'130',NULL,NULL),('10.149.130.177','free',NULL,NULL,NULL,'130',NULL,NULL),('10.149.130.178','free',NULL,NULL,NULL,'130',NULL,NULL),('10.149.130.179','free',NULL,NULL,NULL,'130',NULL,NULL),('10.149.130.180','free',NULL,NULL,NULL,'130',NULL,NULL),('10.149.130.181','free',NULL,NULL,NULL,'130',NULL,NULL),('10.149.130.182','free',NULL,NULL,NULL,'130',NULL,NULL),('10.149.130.183','free',NULL,NULL,NULL,'130',NULL,NULL),('10.149.130.184','free',NULL,NULL,NULL,'130',NULL,NULL),('10.149.130.185','free',NULL,NULL,NULL,'130',NULL,NULL),('10.149.130.186','free',NULL,NULL,NULL,'130',NULL,NULL),('10.149.130.187','free',NULL,NULL,NULL,'130',NULL,NULL),('10.149.130.188','free',NULL,NULL,NULL,'130',NULL,NULL),('10.149.130.189','free',NULL,NULL,NULL,'130',NULL,NULL),('10.149.130.190','free',NULL,NULL,NULL,'130',NULL,NULL),('10.149.130.191','free',NULL,NULL,NULL,'130',NULL,NULL),('10.149.130.192','free',NULL,NULL,NULL,'130',NULL,NULL),('10.149.130.193','free',NULL,NULL,NULL,'130',NULL,NULL),('10.149.130.194','free',NULL,NULL,NULL,'130',NULL,NULL),('10.149.130.195','free',NULL,NULL,NULL,'130',NULL,NULL),('10.149.130.196','free',NULL,NULL,NULL,'130',NULL,NULL),('10.149.130.197','free',NULL,NULL,NULL,'130',NULL,NULL),('10.149.130.198','free',NULL,NULL,NULL,'130',NULL,NULL),('10.149.130.199','free',NULL,NULL,NULL,'130',NULL,NULL),('10.149.130.200','free',NULL,NULL,NULL,'130',NULL,NULL),('10.149.130.201','free',NULL,NULL,NULL,'130',NULL,NULL),('10.149.130.202','free',NULL,NULL,NULL,'130',NULL,NULL),('10.149.130.203','free',NULL,NULL,NULL,'130',NULL,NULL),('10.149.130.204','free',NULL,NULL,NULL,'130',NULL,NULL),('10.149.130.205','free',NULL,NULL,NULL,'130',NULL,NULL),('10.149.130.206','free',NULL,NULL,NULL,'130',NULL,NULL),('10.149.130.207','free',NULL,NULL,NULL,'130',NULL,NULL),('10.149.130.208','free',NULL,NULL,NULL,'130',NULL,NULL),('10.149.130.209','free',NULL,NULL,NULL,'130',NULL,NULL),('10.149.130.210','free',NULL,NULL,NULL,'130',NULL,NULL),('10.149.130.211','free',NULL,NULL,NULL,'130',NULL,NULL),('10.149.130.212','free',NULL,NULL,NULL,'130',NULL,NULL),('10.149.130.213','free',NULL,NULL,NULL,'130',NULL,NULL),('10.149.130.214','free',NULL,NULL,NULL,'130',NULL,NULL),('10.149.130.215','free',NULL,NULL,NULL,'130',NULL,NULL),('10.149.130.216','free',NULL,NULL,NULL,'130',NULL,NULL),('10.149.130.217','free',NULL,NULL,NULL,'130',NULL,NULL),('10.149.130.218','free',NULL,NULL,NULL,'130',NULL,NULL),('10.149.130.219','free',NULL,NULL,NULL,'130',NULL,NULL),('10.149.130.220','free',NULL,NULL,NULL,'130',NULL,NULL),('10.149.130.221','free',NULL,NULL,NULL,'130',NULL,NULL),('10.149.130.222','free',NULL,NULL,NULL,'130',NULL,NULL),('10.149.130.223','free',NULL,NULL,NULL,'130',NULL,NULL),('10.149.130.224','free',NULL,NULL,NULL,'130',NULL,NULL),('10.149.130.225','free',NULL,NULL,NULL,'130',NULL,NULL),('10.149.130.226','free',NULL,NULL,NULL,'130',NULL,NULL),('10.149.130.227','free',NULL,NULL,NULL,'130',NULL,NULL),('10.149.130.228','free',NULL,NULL,NULL,'130',NULL,NULL),('10.149.130.229','free',NULL,NULL,NULL,'130',NULL,NULL),('10.149.130.230','free',NULL,NULL,NULL,'130',NULL,NULL),('10.149.130.231','free',NULL,NULL,NULL,'130',NULL,NULL),('10.149.130.232','free',NULL,NULL,NULL,'130',NULL,NULL),('10.149.130.233','free',NULL,NULL,NULL,'130',NULL,NULL),('10.149.130.234','free',NULL,NULL,NULL,'130',NULL,NULL),('10.149.130.235','free',NULL,NULL,NULL,'130',NULL,NULL),('10.149.130.236','free',NULL,NULL,NULL,'130',NULL,NULL),('10.149.130.237','free',NULL,NULL,NULL,'130',NULL,NULL),('10.149.130.238','free',NULL,NULL,NULL,'130',NULL,NULL),('10.149.130.239','free',NULL,NULL,NULL,'130',NULL,NULL),('10.149.130.240','free',NULL,NULL,NULL,'130',NULL,NULL),('10.149.130.241','free',NULL,NULL,NULL,'130',NULL,NULL),('10.149.130.242','free',NULL,NULL,NULL,'130',NULL,NULL),('10.149.130.243','free',NULL,NULL,NULL,'130',NULL,NULL),('10.149.130.244','free',NULL,NULL,NULL,'130',NULL,NULL),('10.149.130.245','free',NULL,NULL,NULL,'130',NULL,NULL),('10.149.130.246','free',NULL,NULL,NULL,'130',NULL,NULL),('10.149.130.247','free',NULL,NULL,NULL,'130',NULL,NULL),('10.149.130.248','free',NULL,NULL,NULL,'130',NULL,NULL),('10.149.130.249','free',NULL,NULL,NULL,'130',NULL,NULL),('10.149.130.250','free',NULL,NULL,NULL,'130',NULL,NULL),('10.149.130.251','free',NULL,NULL,NULL,'130',NULL,NULL),('10.149.130.252','free',NULL,NULL,NULL,'130',NULL,NULL),('10.149.130.253','free',NULL,NULL,NULL,'130',NULL,NULL),('10.149.130.254','free',NULL,NULL,NULL,'130',NULL,NULL),('10.149.127.1','free',NULL,NULL,NULL,'127',NULL,NULL),('10.149.127.2','free',NULL,NULL,NULL,'127',NULL,NULL),('10.149.127.3','free',NULL,NULL,NULL,'127',NULL,NULL),('10.149.127.4','free',NULL,NULL,NULL,'127',NULL,NULL),('10.149.127.5','free',NULL,NULL,NULL,'127',NULL,NULL),('10.149.127.6','free',NULL,NULL,NULL,'127',NULL,NULL),('10.149.127.7','free',NULL,NULL,NULL,'127',NULL,NULL),('10.149.127.8','free',NULL,NULL,NULL,'127',NULL,NULL),('10.149.127.9','free',NULL,NULL,NULL,'127',NULL,NULL),('10.149.127.10','free',NULL,NULL,NULL,'127',NULL,NULL),('10.149.127.11','free',NULL,NULL,NULL,'127',NULL,NULL),('10.149.127.12','free',NULL,NULL,NULL,'127',NULL,NULL),('10.149.127.13','free',NULL,NULL,NULL,'127',NULL,NULL),('10.149.127.14','free',NULL,NULL,NULL,'127',NULL,NULL),('10.149.127.15','free',NULL,NULL,NULL,'127',NULL,NULL),('10.149.127.16','free',NULL,NULL,NULL,'127',NULL,NULL),('10.149.127.17','free',NULL,NULL,NULL,'127',NULL,NULL),('10.149.127.18','free',NULL,NULL,NULL,'127',NULL,NULL),('10.149.127.19','free',NULL,NULL,NULL,'127',NULL,NULL),('10.149.127.20','free',NULL,NULL,NULL,'127',NULL,NULL),('10.149.127.21','free',NULL,NULL,NULL,'127',NULL,NULL),('10.149.127.22','free',NULL,NULL,NULL,'127',NULL,NULL),('10.149.127.23','free',NULL,NULL,NULL,'127',NULL,NULL),('10.149.127.24','free',NULL,NULL,NULL,'127',NULL,NULL),('10.149.127.25','free',NULL,NULL,NULL,'127',NULL,NULL),('10.149.127.26','free',NULL,NULL,NULL,'127',NULL,NULL),('10.149.127.27','free',NULL,NULL,NULL,'127',NULL,NULL),('10.149.127.28','free',NULL,NULL,NULL,'127',NULL,NULL),('10.149.127.29','free',NULL,NULL,NULL,'127',NULL,NULL),('10.149.127.30','free',NULL,NULL,NULL,'127',NULL,NULL),('10.149.127.31','free',NULL,NULL,NULL,'127',NULL,NULL),('10.149.127.32','free',NULL,NULL,NULL,'127',NULL,NULL),('10.149.127.33','free',NULL,NULL,NULL,'127',NULL,NULL),('10.149.127.34','free',NULL,NULL,NULL,'127',NULL,NULL),('10.149.127.35','free',NULL,NULL,NULL,'127',NULL,NULL),('10.149.127.36','free',NULL,NULL,NULL,'127',NULL,NULL),('10.149.127.37','free',NULL,NULL,NULL,'127',NULL,NULL),('10.149.127.38','free',NULL,NULL,NULL,'127',NULL,NULL),('10.149.127.39','free',NULL,NULL,NULL,'127',NULL,NULL),('10.149.127.40','free',NULL,NULL,NULL,'127',NULL,NULL),('10.149.127.41','free',NULL,NULL,NULL,'127',NULL,NULL),('10.149.127.42','free',NULL,NULL,NULL,'127',NULL,NULL),('10.149.127.43','free',NULL,NULL,NULL,'127',NULL,NULL),('10.149.127.44','free',NULL,NULL,NULL,'127',NULL,NULL),('10.149.127.45','free',NULL,NULL,NULL,'127',NULL,NULL),('10.149.127.46','free',NULL,NULL,NULL,'127',NULL,NULL),('10.149.127.47','free',NULL,NULL,NULL,'127',NULL,NULL),('10.149.127.48','free',NULL,NULL,NULL,'127',NULL,NULL),('10.149.127.49','free',NULL,NULL,NULL,'127',NULL,NULL),('10.149.127.50','free',NULL,NULL,NULL,'127',NULL,NULL),('10.149.127.51','free',NULL,NULL,NULL,'127',NULL,NULL),('10.149.127.52','free',NULL,NULL,NULL,'127',NULL,NULL),('10.149.127.53','free',NULL,NULL,NULL,'127',NULL,NULL),('10.149.127.54','free',NULL,NULL,NULL,'127',NULL,NULL),('10.149.127.55','free',NULL,NULL,NULL,'127',NULL,NULL),('10.149.127.56','free',NULL,NULL,NULL,'127',NULL,NULL),('10.149.127.57','free',NULL,NULL,NULL,'127',NULL,NULL),('10.149.127.58','free',NULL,NULL,NULL,'127',NULL,NULL),('10.149.127.59','free',NULL,NULL,NULL,'127',NULL,NULL),('10.149.127.60','free',NULL,NULL,NULL,'127',NULL,NULL),('10.149.127.61','free',NULL,NULL,NULL,'127',NULL,NULL),('10.149.127.62','free',NULL,NULL,NULL,'127',NULL,NULL),('10.149.127.63','free',NULL,NULL,NULL,'127',NULL,NULL),('10.149.127.64','free',NULL,NULL,NULL,'127',NULL,NULL),('10.149.127.65','free',NULL,NULL,NULL,'127',NULL,NULL),('10.149.127.66','free',NULL,NULL,NULL,'127',NULL,NULL),('10.149.127.67','free',NULL,NULL,NULL,'127',NULL,NULL),('10.149.127.68','free',NULL,NULL,NULL,'127',NULL,NULL),('10.149.127.69','free',NULL,NULL,NULL,'127',NULL,NULL),('10.149.127.70','free',NULL,NULL,NULL,'127',NULL,NULL),('10.149.127.71','free',NULL,NULL,NULL,'127',NULL,NULL),('10.149.127.72','free',NULL,NULL,NULL,'127',NULL,NULL),('10.149.127.73','free',NULL,NULL,NULL,'127',NULL,NULL),('10.149.127.74','free',NULL,NULL,NULL,'127',NULL,NULL),('10.149.127.75','free',NULL,NULL,NULL,'127',NULL,NULL),('10.149.127.76','free',NULL,NULL,NULL,'127',NULL,NULL),('10.149.127.77','free',NULL,NULL,NULL,'127',NULL,NULL),('10.149.127.78','free',NULL,NULL,NULL,'127',NULL,NULL),('10.149.127.79','free',NULL,NULL,NULL,'127',NULL,NULL),('10.149.127.80','free',NULL,NULL,NULL,'127',NULL,NULL),('10.149.127.81','free',NULL,NULL,NULL,'127',NULL,NULL),('10.149.127.82','free',NULL,NULL,NULL,'127',NULL,NULL),('10.149.127.83','free',NULL,NULL,NULL,'127',NULL,NULL),('10.149.127.84','free',NULL,NULL,NULL,'127',NULL,NULL),('10.149.127.85','free',NULL,NULL,NULL,'127',NULL,NULL),('10.149.127.86','free',NULL,NULL,NULL,'127',NULL,NULL),('10.149.127.87','free',NULL,NULL,NULL,'127',NULL,NULL),('10.149.127.88','free',NULL,NULL,NULL,'127',NULL,NULL),('10.149.127.89','free',NULL,NULL,NULL,'127',NULL,NULL),('10.149.127.90','free',NULL,NULL,NULL,'127',NULL,NULL),('10.149.127.91','free',NULL,NULL,NULL,'127',NULL,NULL),('10.149.127.92','free',NULL,NULL,NULL,'127',NULL,NULL),('10.149.127.93','free',NULL,NULL,NULL,'127',NULL,NULL),('10.149.127.94','free',NULL,NULL,NULL,'127',NULL,NULL),('10.149.127.95','free',NULL,NULL,NULL,'127',NULL,NULL),('10.149.127.96','free',NULL,NULL,NULL,'127',NULL,NULL),('10.149.127.97','free',NULL,NULL,NULL,'127',NULL,NULL),('10.149.127.98','free',NULL,NULL,NULL,'127',NULL,NULL),('10.149.127.99','free',NULL,NULL,NULL,'127',NULL,NULL),('10.149.127.100','free',NULL,NULL,NULL,'127',NULL,NULL),('10.149.127.101','free',NULL,NULL,NULL,'127',NULL,NULL),('10.149.127.102','free',NULL,NULL,NULL,'127',NULL,NULL),('10.149.127.103','free',NULL,NULL,NULL,'127',NULL,NULL),('10.149.127.104','free',NULL,NULL,NULL,'127',NULL,NULL),('10.149.127.105','free',NULL,NULL,NULL,'127',NULL,NULL),('10.149.127.106','free',NULL,NULL,NULL,'127',NULL,NULL),('10.149.127.107','free',NULL,NULL,NULL,'127',NULL,NULL),('10.149.127.108','free',NULL,NULL,NULL,'127',NULL,NULL),('10.149.127.109','free',NULL,NULL,NULL,'127',NULL,NULL),('10.149.127.110','free',NULL,NULL,NULL,'127',NULL,NULL),('10.149.127.111','free',NULL,NULL,NULL,'127',NULL,NULL),('10.149.127.112','free',NULL,NULL,NULL,'127',NULL,NULL),('10.149.127.113','free',NULL,NULL,NULL,'127',NULL,NULL),('10.149.127.114','free',NULL,NULL,NULL,'127',NULL,NULL),('10.149.127.115','free',NULL,NULL,NULL,'127',NULL,NULL),('10.149.127.116','free',NULL,NULL,NULL,'127',NULL,NULL),('10.149.127.117','free',NULL,NULL,NULL,'127',NULL,NULL),('10.149.127.118','free',NULL,NULL,NULL,'127',NULL,NULL),('10.149.127.119','free',NULL,NULL,NULL,'127',NULL,NULL),('10.149.127.120','free',NULL,NULL,NULL,'127',NULL,NULL),('10.149.127.121','free',NULL,NULL,NULL,'127',NULL,NULL),('10.149.127.122','free',NULL,NULL,NULL,'127',NULL,NULL),('10.149.127.123','free',NULL,NULL,NULL,'127',NULL,NULL),('10.149.127.124','free',NULL,NULL,NULL,'127',NULL,NULL),('10.149.127.125','free',NULL,NULL,NULL,'127',NULL,NULL),('10.149.127.126','free',NULL,NULL,NULL,'127',NULL,NULL),('10.149.127.127','free',NULL,NULL,NULL,'127',NULL,NULL),('10.149.127.128','free',NULL,NULL,NULL,'127',NULL,NULL),('10.149.127.129','free',NULL,NULL,NULL,'127',NULL,NULL),('10.149.127.130','free',NULL,NULL,NULL,'127',NULL,NULL),('10.149.127.131','free',NULL,NULL,NULL,'127',NULL,NULL),('10.149.127.132','free',NULL,NULL,NULL,'127',NULL,NULL),('10.149.127.133','free',NULL,NULL,NULL,'127',NULL,NULL),('10.149.127.134','free',NULL,NULL,NULL,'127',NULL,NULL),('10.149.127.135','free',NULL,NULL,NULL,'127',NULL,NULL),('10.149.127.136','free',NULL,NULL,NULL,'127',NULL,NULL),('10.149.127.137','free',NULL,NULL,NULL,'127',NULL,NULL),('10.149.127.138','free',NULL,NULL,NULL,'127',NULL,NULL),('10.149.127.139','free',NULL,NULL,NULL,'127',NULL,NULL),('10.149.127.140','free',NULL,NULL,NULL,'127',NULL,NULL),('10.149.127.141','free',NULL,NULL,NULL,'127',NULL,NULL),('10.149.127.142','free',NULL,NULL,NULL,'127',NULL,NULL),('10.149.127.143','free',NULL,NULL,NULL,'127',NULL,NULL),('10.149.127.144','free',NULL,NULL,NULL,'127',NULL,NULL),('10.149.127.145','free',NULL,NULL,NULL,'127',NULL,NULL),('10.149.127.146','free',NULL,NULL,NULL,'127',NULL,NULL),('10.149.127.147','free',NULL,NULL,NULL,'127',NULL,NULL),('10.149.127.148','free',NULL,NULL,NULL,'127',NULL,NULL),('10.149.127.149','free',NULL,NULL,NULL,'127',NULL,NULL),('10.149.127.150','free',NULL,NULL,NULL,'127',NULL,NULL),('10.149.127.151','free',NULL,NULL,NULL,'127',NULL,NULL),('10.149.127.152','free',NULL,NULL,NULL,'127',NULL,NULL),('10.149.127.153','free',NULL,NULL,NULL,'127',NULL,NULL),('10.149.127.154','free',NULL,NULL,NULL,'127',NULL,NULL),('10.149.127.155','free',NULL,NULL,NULL,'127',NULL,NULL),('10.149.127.156','free',NULL,NULL,NULL,'127',NULL,NULL),('10.149.127.157','free',NULL,NULL,NULL,'127',NULL,NULL),('10.149.127.158','free',NULL,NULL,NULL,'127',NULL,NULL),('10.149.127.159','free',NULL,NULL,NULL,'127',NULL,NULL),('10.149.127.160','free',NULL,NULL,NULL,'127',NULL,NULL),('10.149.127.161','free',NULL,NULL,NULL,'127',NULL,NULL),('10.149.127.162','free',NULL,NULL,NULL,'127',NULL,NULL),('10.149.127.163','free',NULL,NULL,NULL,'127',NULL,NULL),('10.149.127.164','free',NULL,NULL,NULL,'127',NULL,NULL),('10.149.127.165','free',NULL,NULL,NULL,'127',NULL,NULL),('10.149.127.166','free',NULL,NULL,NULL,'127',NULL,NULL),('10.149.127.167','free',NULL,NULL,NULL,'127',NULL,NULL),('10.149.127.168','free',NULL,NULL,NULL,'127',NULL,NULL),('10.149.127.169','free',NULL,NULL,NULL,'127',NULL,NULL),('10.149.127.170','free',NULL,NULL,NULL,'127',NULL,NULL),('10.149.127.171','free',NULL,NULL,NULL,'127',NULL,NULL),('10.149.127.172','free',NULL,NULL,NULL,'127',NULL,NULL),('10.149.127.173','free',NULL,NULL,NULL,'127',NULL,NULL),('10.149.127.174','free',NULL,NULL,NULL,'127',NULL,NULL),('10.149.127.175','free',NULL,NULL,NULL,'127',NULL,NULL),('10.149.127.176','free',NULL,NULL,NULL,'127',NULL,NULL),('10.149.127.177','free',NULL,NULL,NULL,'127',NULL,NULL),('10.149.127.178','free',NULL,NULL,NULL,'127',NULL,NULL),('10.149.127.179','free',NULL,NULL,NULL,'127',NULL,NULL),('10.149.127.180','free',NULL,NULL,NULL,'127',NULL,NULL),('10.149.127.181','free',NULL,NULL,NULL,'127',NULL,NULL),('10.149.127.182','free',NULL,NULL,NULL,'127',NULL,NULL),('10.149.127.183','free',NULL,NULL,NULL,'127',NULL,NULL),('10.149.127.184','free',NULL,NULL,NULL,'127',NULL,NULL),('10.149.127.185','free',NULL,NULL,NULL,'127',NULL,NULL),('10.149.127.186','free',NULL,NULL,NULL,'127',NULL,NULL),('10.149.127.187','free',NULL,NULL,NULL,'127',NULL,NULL),('10.149.127.188','free',NULL,NULL,NULL,'127',NULL,NULL),('10.149.127.189','free',NULL,NULL,NULL,'127',NULL,NULL),('10.149.127.190','free',NULL,NULL,NULL,'127',NULL,NULL),('10.149.127.191','free',NULL,NULL,NULL,'127',NULL,NULL),('10.149.127.192','free',NULL,NULL,NULL,'127',NULL,NULL),('10.149.127.193','free',NULL,NULL,NULL,'127',NULL,NULL),('10.149.127.194','free',NULL,NULL,NULL,'127',NULL,NULL),('10.149.127.195','free',NULL,NULL,NULL,'127',NULL,NULL),('10.149.127.196','free',NULL,NULL,NULL,'127',NULL,NULL),('10.149.127.197','free',NULL,NULL,NULL,'127',NULL,NULL),('10.149.127.198','free',NULL,NULL,NULL,'127',NULL,NULL),('10.149.127.199','free',NULL,NULL,NULL,'127',NULL,NULL),('10.149.127.200','free',NULL,NULL,NULL,'127',NULL,NULL),('10.149.127.201','free',NULL,NULL,NULL,'127',NULL,NULL),('10.149.127.202','free',NULL,NULL,NULL,'127',NULL,NULL),('10.149.127.203','free',NULL,NULL,NULL,'127',NULL,NULL),('10.149.127.204','free',NULL,NULL,NULL,'127',NULL,NULL),('10.149.127.205','free',NULL,NULL,NULL,'127',NULL,NULL),('10.149.127.206','free',NULL,NULL,NULL,'127',NULL,NULL),('10.149.127.207','free',NULL,NULL,NULL,'127',NULL,NULL),('10.149.127.208','free',NULL,NULL,NULL,'127',NULL,NULL),('10.149.127.209','free',NULL,NULL,NULL,'127',NULL,NULL),('10.149.127.210','free',NULL,NULL,NULL,'127',NULL,NULL),('10.149.127.211','free',NULL,NULL,NULL,'127',NULL,NULL),('10.149.127.212','free',NULL,NULL,NULL,'127',NULL,NULL),('10.149.127.213','free',NULL,NULL,NULL,'127',NULL,NULL),('10.149.127.214','free',NULL,NULL,NULL,'127',NULL,NULL),('10.149.127.215','free',NULL,NULL,NULL,'127',NULL,NULL),('10.149.127.216','free',NULL,NULL,NULL,'127',NULL,NULL),('10.149.127.217','free',NULL,NULL,NULL,'127',NULL,NULL),('10.149.127.218','free',NULL,NULL,NULL,'127',NULL,NULL),('10.149.127.219','free',NULL,NULL,NULL,'127',NULL,NULL),('10.149.127.220','free',NULL,NULL,NULL,'127',NULL,NULL),('10.149.127.221','free',NULL,NULL,NULL,'127',NULL,NULL),('10.149.127.222','free',NULL,NULL,NULL,'127',NULL,NULL),('10.149.127.223','free',NULL,NULL,NULL,'127',NULL,NULL),('10.149.127.224','free',NULL,NULL,NULL,'127',NULL,NULL),('10.149.127.225','free',NULL,NULL,NULL,'127',NULL,NULL),('10.149.127.226','free',NULL,NULL,NULL,'127',NULL,NULL),('10.149.127.227','free',NULL,NULL,NULL,'127',NULL,NULL),('10.149.127.228','free',NULL,NULL,NULL,'127',NULL,NULL),('10.149.127.229','free',NULL,NULL,NULL,'127',NULL,NULL),('10.149.127.230','free',NULL,NULL,NULL,'127',NULL,NULL),('10.149.127.231','free',NULL,NULL,NULL,'127',NULL,NULL),('10.149.127.232','free',NULL,NULL,NULL,'127',NULL,NULL),('10.149.127.233','free',NULL,NULL,NULL,'127',NULL,NULL),('10.149.127.234','free',NULL,NULL,NULL,'127',NULL,NULL),('10.149.127.235','free',NULL,NULL,NULL,'127',NULL,NULL),('10.149.127.236','free',NULL,NULL,NULL,'127',NULL,NULL),('10.149.127.237','free',NULL,NULL,NULL,'127',NULL,NULL),('10.149.127.238','free',NULL,NULL,NULL,'127',NULL,NULL),('10.149.127.239','free',NULL,NULL,NULL,'127',NULL,NULL),('10.149.127.240','free',NULL,NULL,NULL,'127',NULL,NULL),('10.149.127.241','free',NULL,NULL,NULL,'127',NULL,NULL),('10.149.127.242','free',NULL,NULL,NULL,'127',NULL,NULL),('10.149.127.243','free',NULL,NULL,NULL,'127',NULL,NULL),('10.149.127.244','free',NULL,NULL,NULL,'127',NULL,NULL),('10.149.127.245','free',NULL,NULL,NULL,'127',NULL,NULL),('10.149.127.246','free',NULL,NULL,NULL,'127',NULL,NULL),('10.149.127.247','free',NULL,NULL,NULL,'127',NULL,NULL),('10.149.127.248','free',NULL,NULL,NULL,'127',NULL,NULL),('10.149.127.249','free',NULL,NULL,NULL,'127',NULL,NULL),('10.149.127.250','free',NULL,NULL,NULL,'127',NULL,NULL),('10.149.127.251','free',NULL,NULL,NULL,'127',NULL,NULL),('10.149.127.252','free',NULL,NULL,NULL,'127',NULL,NULL),('10.149.127.253','free',NULL,NULL,NULL,'127',NULL,NULL),('10.149.127.254','free',NULL,NULL,NULL,'127',NULL,NULL),('10.149.131.1','free',NULL,NULL,NULL,'131',NULL,NULL),('10.149.131.2','free',NULL,NULL,NULL,'131',NULL,NULL),('10.149.131.3','free',NULL,NULL,NULL,'131',NULL,NULL),('10.149.131.4','free',NULL,NULL,NULL,'131',NULL,NULL),('10.149.131.5','free',NULL,NULL,NULL,'131',NULL,NULL),('10.149.131.6','free',NULL,NULL,NULL,'131',NULL,NULL),('10.149.131.7','free',NULL,NULL,NULL,'131',NULL,NULL),('10.149.131.8','free',NULL,NULL,NULL,'131',NULL,NULL),('10.149.131.9','free',NULL,NULL,NULL,'131',NULL,NULL),('10.149.131.10','free',NULL,NULL,NULL,'131',NULL,NULL),('10.149.131.11','free',NULL,NULL,NULL,'131',NULL,NULL),('10.149.131.12','free',NULL,NULL,NULL,'131',NULL,NULL),('10.149.131.13','free',NULL,NULL,NULL,'131',NULL,NULL),('10.149.131.14','free',NULL,NULL,NULL,'131',NULL,NULL),('10.149.131.15','free',NULL,NULL,NULL,'131',NULL,NULL),('10.149.131.16','free',NULL,NULL,NULL,'131',NULL,NULL),('10.149.131.17','free',NULL,NULL,NULL,'131',NULL,NULL),('10.149.131.18','free',NULL,NULL,NULL,'131',NULL,NULL),('10.149.131.19','free',NULL,NULL,NULL,'131',NULL,NULL),('10.149.131.20','free',NULL,NULL,NULL,'131',NULL,NULL),('10.149.131.21','free',NULL,NULL,NULL,'131',NULL,NULL),('10.149.131.22','free',NULL,NULL,NULL,'131',NULL,NULL),('10.149.131.23','free',NULL,NULL,NULL,'131',NULL,NULL),('10.149.131.24','free',NULL,NULL,NULL,'131',NULL,NULL),('10.149.131.25','free',NULL,NULL,NULL,'131',NULL,NULL),('10.149.131.26','free',NULL,NULL,NULL,'131',NULL,NULL),('10.149.131.27','free',NULL,NULL,NULL,'131',NULL,NULL),('10.149.131.28','free',NULL,NULL,NULL,'131',NULL,NULL),('10.149.131.29','free',NULL,NULL,NULL,'131',NULL,NULL),('10.149.131.30','free',NULL,NULL,NULL,'131',NULL,NULL),('10.149.131.31','free',NULL,NULL,NULL,'131',NULL,NULL),('10.149.131.32','free',NULL,NULL,NULL,'131',NULL,NULL),('10.149.131.33','free',NULL,NULL,NULL,'131',NULL,NULL),('10.149.131.34','free',NULL,NULL,NULL,'131',NULL,NULL),('10.149.131.35','free',NULL,NULL,NULL,'131',NULL,NULL),('10.149.131.36','free',NULL,NULL,NULL,'131',NULL,NULL),('10.149.131.37','free',NULL,NULL,NULL,'131',NULL,NULL),('10.149.131.38','free',NULL,NULL,NULL,'131',NULL,NULL),('10.149.131.39','free',NULL,NULL,NULL,'131',NULL,NULL),('10.149.131.40','free',NULL,NULL,NULL,'131',NULL,NULL),('10.149.131.41','free',NULL,NULL,NULL,'131',NULL,NULL),('10.149.131.42','free',NULL,NULL,NULL,'131',NULL,NULL),('10.149.131.43','free',NULL,NULL,NULL,'131',NULL,NULL),('10.149.131.44','free',NULL,NULL,NULL,'131',NULL,NULL),('10.149.131.45','free',NULL,NULL,NULL,'131',NULL,NULL),('10.149.131.46','free',NULL,NULL,NULL,'131',NULL,NULL),('10.149.131.47','free',NULL,NULL,NULL,'131',NULL,NULL),('10.149.131.48','free',NULL,NULL,NULL,'131',NULL,NULL),('10.149.131.49','free',NULL,NULL,NULL,'131',NULL,NULL),('10.149.131.50','free',NULL,NULL,NULL,'131',NULL,NULL),('10.149.131.51','free',NULL,NULL,NULL,'131',NULL,NULL),('10.149.131.52','free',NULL,NULL,NULL,'131',NULL,NULL),('10.149.131.53','free',NULL,NULL,NULL,'131',NULL,NULL),('10.149.131.54','free',NULL,NULL,NULL,'131',NULL,NULL),('10.149.131.55','free',NULL,NULL,NULL,'131',NULL,NULL),('10.149.131.56','free',NULL,NULL,NULL,'131',NULL,NULL),('10.149.131.57','free',NULL,NULL,NULL,'131',NULL,NULL),('10.149.131.58','free',NULL,NULL,NULL,'131',NULL,NULL),('10.149.131.59','free',NULL,NULL,NULL,'131',NULL,NULL),('10.149.131.60','free',NULL,NULL,NULL,'131',NULL,NULL),('10.149.131.61','free',NULL,NULL,NULL,'131',NULL,NULL),('10.149.131.62','free',NULL,NULL,NULL,'131',NULL,NULL),('10.149.131.63','free',NULL,NULL,NULL,'131',NULL,NULL),('10.149.131.64','free',NULL,NULL,NULL,'131',NULL,NULL),('10.149.131.65','free',NULL,NULL,NULL,'131',NULL,NULL),('10.149.131.66','free',NULL,NULL,NULL,'131',NULL,NULL),('10.149.131.67','free',NULL,NULL,NULL,'131',NULL,NULL),('10.149.131.68','free',NULL,NULL,NULL,'131',NULL,NULL),('10.149.131.69','free',NULL,NULL,NULL,'131',NULL,NULL),('10.149.131.70','free',NULL,NULL,NULL,'131',NULL,NULL),('10.149.131.71','free',NULL,NULL,NULL,'131',NULL,NULL),('10.149.131.72','free',NULL,NULL,NULL,'131',NULL,NULL),('10.149.131.73','free',NULL,NULL,NULL,'131',NULL,NULL),('10.149.131.74','free',NULL,NULL,NULL,'131',NULL,NULL),('10.149.131.75','free',NULL,NULL,NULL,'131',NULL,NULL),('10.149.131.76','free',NULL,NULL,NULL,'131',NULL,NULL),('10.149.131.77','free',NULL,NULL,NULL,'131',NULL,NULL),('10.149.131.78','free',NULL,NULL,NULL,'131',NULL,NULL),('10.149.131.79','free',NULL,NULL,NULL,'131',NULL,NULL),('10.149.131.80','free',NULL,NULL,NULL,'131',NULL,NULL),('10.149.131.81','free',NULL,NULL,NULL,'131',NULL,NULL),('10.149.131.82','free',NULL,NULL,NULL,'131',NULL,NULL),('10.149.131.83','free',NULL,NULL,NULL,'131',NULL,NULL),('10.149.131.84','free',NULL,NULL,NULL,'131',NULL,NULL),('10.149.131.85','free',NULL,NULL,NULL,'131',NULL,NULL),('10.149.131.86','free',NULL,NULL,NULL,'131',NULL,NULL),('10.149.131.87','free',NULL,NULL,NULL,'131',NULL,NULL),('10.149.131.88','free',NULL,NULL,NULL,'131',NULL,NULL),('10.149.131.89','free',NULL,NULL,NULL,'131',NULL,NULL),('10.149.131.90','free',NULL,NULL,NULL,'131',NULL,NULL),('10.149.131.91','free',NULL,NULL,NULL,'131',NULL,NULL),('10.149.131.92','free',NULL,NULL,NULL,'131',NULL,NULL),('10.149.131.93','free',NULL,NULL,NULL,'131',NULL,NULL),('10.149.131.94','free',NULL,NULL,NULL,'131',NULL,NULL),('10.149.131.95','free',NULL,NULL,NULL,'131',NULL,NULL),('10.149.131.96','free',NULL,NULL,NULL,'131',NULL,NULL),('10.149.131.97','free',NULL,NULL,NULL,'131',NULL,NULL),('10.149.131.98','free',NULL,NULL,NULL,'131',NULL,NULL),('10.149.131.99','free',NULL,NULL,NULL,'131',NULL,NULL),('10.149.131.100','free',NULL,NULL,NULL,'131',NULL,NULL),('10.149.131.101','free',NULL,NULL,NULL,'131',NULL,NULL),('10.149.131.102','free',NULL,NULL,NULL,'131',NULL,NULL),('10.149.131.103','free',NULL,NULL,NULL,'131',NULL,NULL),('10.149.131.104','free',NULL,NULL,NULL,'131',NULL,NULL),('10.149.131.105','free',NULL,NULL,NULL,'131',NULL,NULL),('10.149.131.106','free',NULL,NULL,NULL,'131',NULL,NULL),('10.149.131.107','free',NULL,NULL,NULL,'131',NULL,NULL),('10.149.131.108','free',NULL,NULL,NULL,'131',NULL,NULL),('10.149.131.109','free',NULL,NULL,NULL,'131',NULL,NULL),('10.149.131.110','free',NULL,NULL,NULL,'131',NULL,NULL),('10.149.131.111','free',NULL,NULL,NULL,'131',NULL,NULL),('10.149.131.112','free',NULL,NULL,NULL,'131',NULL,NULL),('10.149.131.113','free',NULL,NULL,NULL,'131',NULL,NULL),('10.149.131.114','free',NULL,NULL,NULL,'131',NULL,NULL),('10.149.131.115','free',NULL,NULL,NULL,'131',NULL,NULL),('10.149.131.116','free',NULL,NULL,NULL,'131',NULL,NULL),('10.149.131.117','free',NULL,NULL,NULL,'131',NULL,NULL),('10.149.131.118','free',NULL,NULL,NULL,'131',NULL,NULL),('10.149.131.119','free',NULL,NULL,NULL,'131',NULL,NULL),('10.149.131.120','free',NULL,NULL,NULL,'131',NULL,NULL),('10.149.131.121','free',NULL,NULL,NULL,'131',NULL,NULL),('10.149.131.122','free',NULL,NULL,NULL,'131',NULL,NULL),('10.149.131.123','free',NULL,NULL,NULL,'131',NULL,NULL),('10.149.131.124','free',NULL,NULL,NULL,'131',NULL,NULL),('10.149.131.125','free',NULL,NULL,NULL,'131',NULL,NULL),('10.149.131.126','free',NULL,NULL,NULL,'131',NULL,NULL),('10.149.131.127','free',NULL,NULL,NULL,'131',NULL,NULL),('10.149.131.128','free',NULL,NULL,NULL,'131',NULL,NULL),('10.149.131.129','free',NULL,NULL,NULL,'131',NULL,NULL),('10.149.131.130','free',NULL,NULL,NULL,'131',NULL,NULL),('10.149.131.131','free',NULL,NULL,NULL,'131',NULL,NULL),('10.149.131.132','free',NULL,NULL,NULL,'131',NULL,NULL),('10.149.131.133','free',NULL,NULL,NULL,'131',NULL,NULL),('10.149.131.134','free',NULL,NULL,NULL,'131',NULL,NULL),('10.149.131.135','free',NULL,NULL,NULL,'131',NULL,NULL),('10.149.131.136','free',NULL,NULL,NULL,'131',NULL,NULL),('10.149.131.137','free',NULL,NULL,NULL,'131',NULL,NULL),('10.149.131.138','free',NULL,NULL,NULL,'131',NULL,NULL),('10.149.131.139','free',NULL,NULL,NULL,'131',NULL,NULL),('10.149.131.140','free',NULL,NULL,NULL,'131',NULL,NULL),('10.149.131.141','free',NULL,NULL,NULL,'131',NULL,NULL),('10.149.131.142','free',NULL,NULL,NULL,'131',NULL,NULL),('10.149.131.143','free',NULL,NULL,NULL,'131',NULL,NULL),('10.149.131.144','free',NULL,NULL,NULL,'131',NULL,NULL),('10.149.131.145','free',NULL,NULL,NULL,'131',NULL,NULL),('10.149.131.146','free',NULL,NULL,NULL,'131',NULL,NULL),('10.149.131.147','free',NULL,NULL,NULL,'131',NULL,NULL),('10.149.131.148','free',NULL,NULL,NULL,'131',NULL,NULL),('10.149.131.149','free',NULL,NULL,NULL,'131',NULL,NULL),('10.149.131.150','free',NULL,NULL,NULL,'131',NULL,NULL),('10.149.131.151','free',NULL,NULL,NULL,'131',NULL,NULL),('10.149.131.152','free',NULL,NULL,NULL,'131',NULL,NULL),('10.149.131.153','free',NULL,NULL,NULL,'131',NULL,NULL),('10.149.131.154','free',NULL,NULL,NULL,'131',NULL,NULL),('10.149.131.155','free',NULL,NULL,NULL,'131',NULL,NULL),('10.149.131.156','free',NULL,NULL,NULL,'131',NULL,NULL),('10.149.131.157','free',NULL,NULL,NULL,'131',NULL,NULL),('10.149.131.158','free',NULL,NULL,NULL,'131',NULL,NULL),('10.149.131.159','free',NULL,NULL,NULL,'131',NULL,NULL),('10.149.131.160','free',NULL,NULL,NULL,'131',NULL,NULL),('10.149.131.161','free',NULL,NULL,NULL,'131',NULL,NULL),('10.149.131.162','free',NULL,NULL,NULL,'131',NULL,NULL),('10.149.131.163','free',NULL,NULL,NULL,'131',NULL,NULL),('10.149.131.164','free',NULL,NULL,NULL,'131',NULL,NULL),('10.149.131.165','free',NULL,NULL,NULL,'131',NULL,NULL),('10.149.131.166','free',NULL,NULL,NULL,'131',NULL,NULL),('10.149.131.167','free',NULL,NULL,NULL,'131',NULL,NULL),('10.149.131.168','free',NULL,NULL,NULL,'131',NULL,NULL),('10.149.131.169','free',NULL,NULL,NULL,'131',NULL,NULL),('10.149.131.170','free',NULL,NULL,NULL,'131',NULL,NULL),('10.149.131.171','free',NULL,NULL,NULL,'131',NULL,NULL),('10.149.131.172','free',NULL,NULL,NULL,'131',NULL,NULL),('10.149.131.173','free',NULL,NULL,NULL,'131',NULL,NULL),('10.149.131.174','free',NULL,NULL,NULL,'131',NULL,NULL),('10.149.131.175','free',NULL,NULL,NULL,'131',NULL,NULL),('10.149.131.176','free',NULL,NULL,NULL,'131',NULL,NULL),('10.149.131.177','free',NULL,NULL,NULL,'131',NULL,NULL),('10.149.131.178','free',NULL,NULL,NULL,'131',NULL,NULL),('10.149.131.179','free',NULL,NULL,NULL,'131',NULL,NULL),('10.149.131.180','free',NULL,NULL,NULL,'131',NULL,NULL),('10.149.131.181','free',NULL,NULL,NULL,'131',NULL,NULL),('10.149.131.182','free',NULL,NULL,NULL,'131',NULL,NULL),('10.149.131.183','free',NULL,NULL,NULL,'131',NULL,NULL),('10.149.131.184','free',NULL,NULL,NULL,'131',NULL,NULL),('10.149.131.185','free',NULL,NULL,NULL,'131',NULL,NULL),('10.149.131.186','free',NULL,NULL,NULL,'131',NULL,NULL),('10.149.131.187','free',NULL,NULL,NULL,'131',NULL,NULL),('10.149.131.188','free',NULL,NULL,NULL,'131',NULL,NULL),('10.149.131.189','free',NULL,NULL,NULL,'131',NULL,NULL),('10.149.131.190','free',NULL,NULL,NULL,'131',NULL,NULL),('10.149.131.191','free',NULL,NULL,NULL,'131',NULL,NULL),('10.149.131.192','free',NULL,NULL,NULL,'131',NULL,NULL),('10.149.131.193','free',NULL,NULL,NULL,'131',NULL,NULL),('10.149.131.194','free',NULL,NULL,NULL,'131',NULL,NULL),('10.149.131.195','free',NULL,NULL,NULL,'131',NULL,NULL),('10.149.131.196','free',NULL,NULL,NULL,'131',NULL,NULL),('10.149.131.197','free',NULL,NULL,NULL,'131',NULL,NULL),('10.149.131.198','free',NULL,NULL,NULL,'131',NULL,NULL),('10.149.131.199','free',NULL,NULL,NULL,'131',NULL,NULL),('10.149.131.200','free',NULL,NULL,NULL,'131',NULL,NULL),('10.149.131.201','free',NULL,NULL,NULL,'131',NULL,NULL),('10.149.131.202','free',NULL,NULL,NULL,'131',NULL,NULL),('10.149.131.203','free',NULL,NULL,NULL,'131',NULL,NULL),('10.149.131.204','free',NULL,NULL,NULL,'131',NULL,NULL),('10.149.131.205','free',NULL,NULL,NULL,'131',NULL,NULL),('10.149.131.206','free',NULL,NULL,NULL,'131',NULL,NULL),('10.149.131.207','free',NULL,NULL,NULL,'131',NULL,NULL),('10.149.131.208','free',NULL,NULL,NULL,'131',NULL,NULL),('10.149.131.209','free',NULL,NULL,NULL,'131',NULL,NULL),('10.149.131.210','free',NULL,NULL,NULL,'131',NULL,NULL),('10.149.131.211','free',NULL,NULL,NULL,'131',NULL,NULL),('10.149.131.212','free',NULL,NULL,NULL,'131',NULL,NULL),('10.149.131.213','free',NULL,NULL,NULL,'131',NULL,NULL),('10.149.131.214','free',NULL,NULL,NULL,'131',NULL,NULL),('10.149.131.215','free',NULL,NULL,NULL,'131',NULL,NULL),('10.149.131.216','free',NULL,NULL,NULL,'131',NULL,NULL),('10.149.131.217','free',NULL,NULL,NULL,'131',NULL,NULL),('10.149.131.218','free',NULL,NULL,NULL,'131',NULL,NULL),('10.149.131.219','free',NULL,NULL,NULL,'131',NULL,NULL),('10.149.131.220','free',NULL,NULL,NULL,'131',NULL,NULL),('10.149.131.221','free',NULL,NULL,NULL,'131',NULL,NULL),('10.149.131.222','free',NULL,NULL,NULL,'131',NULL,NULL),('10.149.131.223','free',NULL,NULL,NULL,'131',NULL,NULL),('10.149.131.224','free',NULL,NULL,NULL,'131',NULL,NULL),('10.149.131.225','free',NULL,NULL,NULL,'131',NULL,NULL),('10.149.131.226','free',NULL,NULL,NULL,'131',NULL,NULL),('10.149.131.227','free',NULL,NULL,NULL,'131',NULL,NULL),('10.149.131.228','free',NULL,NULL,NULL,'131',NULL,NULL),('10.149.131.229','free',NULL,NULL,NULL,'131',NULL,NULL),('10.149.131.230','free',NULL,NULL,NULL,'131',NULL,NULL),('10.149.131.231','free',NULL,NULL,NULL,'131',NULL,NULL),('10.149.131.232','free',NULL,NULL,NULL,'131',NULL,NULL),('10.149.131.233','free',NULL,NULL,NULL,'131',NULL,NULL),('10.149.131.234','free',NULL,NULL,NULL,'131',NULL,NULL),('10.149.131.235','free',NULL,NULL,NULL,'131',NULL,NULL),('10.149.131.236','free',NULL,NULL,NULL,'131',NULL,NULL),('10.149.131.237','free',NULL,NULL,NULL,'131',NULL,NULL),('10.149.131.238','free',NULL,NULL,NULL,'131',NULL,NULL),('10.149.131.239','free',NULL,NULL,NULL,'131',NULL,NULL),('10.149.131.240','free',NULL,NULL,NULL,'131',NULL,NULL),('10.149.131.241','free',NULL,NULL,NULL,'131',NULL,NULL),('10.149.131.242','free',NULL,NULL,NULL,'131',NULL,NULL),('10.149.131.243','free',NULL,NULL,NULL,'131',NULL,NULL),('10.149.131.244','free',NULL,NULL,NULL,'131',NULL,NULL),('10.149.131.245','free',NULL,NULL,NULL,'131',NULL,NULL),('10.149.131.246','free',NULL,NULL,NULL,'131',NULL,NULL),('10.149.131.247','free',NULL,NULL,NULL,'131',NULL,NULL),('10.149.131.248','free',NULL,NULL,NULL,'131',NULL,NULL),('10.149.131.249','free',NULL,NULL,NULL,'131',NULL,NULL),('10.149.131.250','free',NULL,NULL,NULL,'131',NULL,NULL),('10.149.131.251','free',NULL,NULL,NULL,'131',NULL,NULL),('10.149.131.252','free',NULL,NULL,NULL,'131',NULL,NULL),('10.149.131.253','free',NULL,NULL,NULL,'131',NULL,NULL),('10.149.131.254','free',NULL,NULL,NULL,'131',NULL,NULL),('10.149.186.1','free',NULL,NULL,NULL,'186',NULL,NULL),('10.149.186.2','free',NULL,NULL,NULL,'186',NULL,NULL),('10.149.186.3','free',NULL,NULL,NULL,'186',NULL,NULL),('10.149.186.4','free',NULL,NULL,NULL,'186',NULL,NULL),('10.149.186.5','free',NULL,NULL,NULL,'186',NULL,NULL),('10.149.186.6','free',NULL,NULL,NULL,'186',NULL,NULL),('10.149.186.7','free',NULL,NULL,NULL,'186',NULL,NULL),('10.149.186.8','free',NULL,NULL,NULL,'186',NULL,NULL),('10.149.186.9','free',NULL,NULL,NULL,'186',NULL,NULL),('10.149.186.10','free',NULL,NULL,NULL,'186',NULL,NULL),('10.149.186.11','free',NULL,NULL,NULL,'186',NULL,NULL),('10.149.186.12','free',NULL,NULL,NULL,'186',NULL,NULL),('10.149.186.13','free',NULL,NULL,NULL,'186',NULL,NULL),('10.149.186.14','free',NULL,NULL,NULL,'186',NULL,NULL),('10.149.186.15','free',NULL,NULL,NULL,'186',NULL,NULL),('10.149.186.16','free',NULL,NULL,NULL,'186',NULL,NULL),('10.149.186.17','free',NULL,NULL,NULL,'186',NULL,NULL),('10.149.186.18','free',NULL,NULL,NULL,'186',NULL,NULL),('10.149.186.19','free',NULL,NULL,NULL,'186',NULL,NULL),('10.149.186.20','free',NULL,NULL,NULL,'186',NULL,NULL),('10.149.186.21','free',NULL,NULL,NULL,'186',NULL,NULL),('10.149.186.22','free',NULL,NULL,NULL,'186',NULL,NULL),('10.149.186.23','free',NULL,NULL,NULL,'186',NULL,NULL),('10.149.186.24','free',NULL,NULL,NULL,'186',NULL,NULL),('10.149.186.25','free',NULL,NULL,NULL,'186',NULL,NULL),('10.149.186.26','free',NULL,NULL,NULL,'186',NULL,NULL),('10.149.186.27','free',NULL,NULL,NULL,'186',NULL,NULL),('10.149.186.28','free',NULL,NULL,NULL,'186',NULL,NULL),('10.149.186.29','free',NULL,NULL,NULL,'186',NULL,NULL),('10.149.186.30','free',NULL,NULL,NULL,'186',NULL,NULL),('10.149.186.31','free',NULL,NULL,NULL,'186',NULL,NULL),('10.149.186.32','free',NULL,NULL,NULL,'186',NULL,NULL),('10.149.186.33','free',NULL,NULL,NULL,'186',NULL,NULL),('10.149.186.34','free',NULL,NULL,NULL,'186',NULL,NULL),('10.149.186.35','free',NULL,NULL,NULL,'186',NULL,NULL),('10.149.186.36','free',NULL,NULL,NULL,'186',NULL,NULL),('10.149.186.37','free',NULL,NULL,NULL,'186',NULL,NULL),('10.149.186.38','free',NULL,NULL,NULL,'186',NULL,NULL),('10.149.186.39','free',NULL,NULL,NULL,'186',NULL,NULL),('10.149.186.40','free',NULL,NULL,NULL,'186',NULL,NULL),('10.149.186.41','free',NULL,NULL,NULL,'186',NULL,NULL),('10.149.186.42','free',NULL,NULL,NULL,'186',NULL,NULL),('10.149.186.43','free',NULL,NULL,NULL,'186',NULL,NULL),('10.149.186.44','free',NULL,NULL,NULL,'186',NULL,NULL),('10.149.186.45','free',NULL,NULL,NULL,'186',NULL,NULL),('10.149.186.46','free',NULL,NULL,NULL,'186',NULL,NULL),('10.149.186.47','free',NULL,NULL,NULL,'186',NULL,NULL),('10.149.186.48','free',NULL,NULL,NULL,'186',NULL,NULL),('10.149.186.49','free',NULL,NULL,NULL,'186',NULL,NULL),('10.149.186.50','free',NULL,NULL,NULL,'186',NULL,NULL),('10.149.186.51','free',NULL,NULL,NULL,'186',NULL,NULL),('10.149.186.52','free',NULL,NULL,NULL,'186',NULL,NULL),('10.149.186.53','free',NULL,NULL,NULL,'186',NULL,NULL),('10.149.186.54','free',NULL,NULL,NULL,'186',NULL,NULL),('10.149.186.55','free',NULL,NULL,NULL,'186',NULL,NULL),('10.149.186.56','free',NULL,NULL,NULL,'186',NULL,NULL),('10.149.186.57','free',NULL,NULL,NULL,'186',NULL,NULL),('10.149.186.58','free',NULL,NULL,NULL,'186',NULL,NULL),('10.149.186.59','free',NULL,NULL,NULL,'186',NULL,NULL),('10.149.186.60','free',NULL,NULL,NULL,'186',NULL,NULL),('10.149.186.61','free',NULL,NULL,NULL,'186',NULL,NULL),('10.149.186.62','free',NULL,NULL,NULL,'186',NULL,NULL),('10.149.186.63','free',NULL,NULL,NULL,'186',NULL,NULL),('10.149.186.64','free',NULL,NULL,NULL,'186',NULL,NULL),('10.149.186.65','free',NULL,NULL,NULL,'186',NULL,NULL),('10.149.186.66','free',NULL,NULL,NULL,'186',NULL,NULL),('10.149.186.67','free',NULL,NULL,NULL,'186',NULL,NULL),('10.149.186.68','free',NULL,NULL,NULL,'186',NULL,NULL),('10.149.186.69','free',NULL,NULL,NULL,'186',NULL,NULL),('10.149.186.70','free',NULL,NULL,NULL,'186',NULL,NULL),('10.149.186.71','free',NULL,NULL,NULL,'186',NULL,NULL),('10.149.186.72','free',NULL,NULL,NULL,'186',NULL,NULL),('10.149.186.73','free',NULL,NULL,NULL,'186',NULL,NULL),('10.149.186.74','free',NULL,NULL,NULL,'186',NULL,NULL),('10.149.186.75','free',NULL,NULL,NULL,'186',NULL,NULL),('10.149.186.76','free',NULL,NULL,NULL,'186',NULL,NULL),('10.149.186.77','free',NULL,NULL,NULL,'186',NULL,NULL),('10.149.186.78','free',NULL,NULL,NULL,'186',NULL,NULL),('10.149.186.79','free',NULL,NULL,NULL,'186',NULL,NULL),('10.149.186.80','free',NULL,NULL,NULL,'186',NULL,NULL),('10.149.186.81','free',NULL,NULL,NULL,'186',NULL,NULL),('10.149.186.82','free',NULL,NULL,NULL,'186',NULL,NULL),('10.149.186.83','free',NULL,NULL,NULL,'186',NULL,NULL),('10.149.186.84','free',NULL,NULL,NULL,'186',NULL,NULL),('10.149.186.85','free',NULL,NULL,NULL,'186',NULL,NULL),('10.149.186.86','free',NULL,NULL,NULL,'186',NULL,NULL),('10.149.186.87','free',NULL,NULL,NULL,'186',NULL,NULL),('10.149.186.88','free',NULL,NULL,NULL,'186',NULL,NULL),('10.149.186.89','free',NULL,NULL,NULL,'186',NULL,NULL),('10.149.186.90','free',NULL,NULL,NULL,'186',NULL,NULL),('10.149.186.91','free',NULL,NULL,NULL,'186',NULL,NULL),('10.149.186.92','free',NULL,NULL,NULL,'186',NULL,NULL),('10.149.186.93','free',NULL,NULL,NULL,'186',NULL,NULL),('10.149.186.94','free',NULL,NULL,NULL,'186',NULL,NULL),('10.149.186.95','free',NULL,NULL,NULL,'186',NULL,NULL),('10.149.186.96','free',NULL,NULL,NULL,'186',NULL,NULL),('10.149.186.97','free',NULL,NULL,NULL,'186',NULL,NULL),('10.149.186.98','free',NULL,NULL,NULL,'186',NULL,NULL),('10.149.186.99','free',NULL,NULL,NULL,'186',NULL,NULL),('10.149.186.100','free',NULL,NULL,NULL,'186',NULL,NULL),('10.149.186.101','free',NULL,NULL,NULL,'186',NULL,NULL),('10.149.186.102','free',NULL,NULL,NULL,'186',NULL,NULL),('10.149.186.103','free',NULL,NULL,NULL,'186',NULL,NULL),('10.149.186.104','free',NULL,NULL,NULL,'186',NULL,NULL),('10.149.186.105','free',NULL,NULL,NULL,'186',NULL,NULL),('10.149.186.106','free',NULL,NULL,NULL,'186',NULL,NULL),('10.149.186.107','free',NULL,NULL,NULL,'186',NULL,NULL),('10.149.186.108','free',NULL,NULL,NULL,'186',NULL,NULL),('10.149.186.109','free',NULL,NULL,NULL,'186',NULL,NULL),('10.149.186.110','free',NULL,NULL,NULL,'186',NULL,NULL),('10.149.186.111','free',NULL,NULL,NULL,'186',NULL,NULL),('10.149.186.112','free',NULL,NULL,NULL,'186',NULL,NULL),('10.149.186.113','free',NULL,NULL,NULL,'186',NULL,NULL),('10.149.186.114','free',NULL,NULL,NULL,'186',NULL,NULL),('10.149.186.115','free',NULL,NULL,NULL,'186',NULL,NULL),('10.149.186.116','free',NULL,NULL,NULL,'186',NULL,NULL),('10.149.186.117','free',NULL,NULL,NULL,'186',NULL,NULL),('10.149.186.118','free',NULL,NULL,NULL,'186',NULL,NULL),('10.149.186.119','free',NULL,NULL,NULL,'186',NULL,NULL),('10.149.186.120','free',NULL,NULL,NULL,'186',NULL,NULL),('10.149.186.121','free',NULL,NULL,NULL,'186',NULL,NULL),('10.149.186.122','free',NULL,NULL,NULL,'186',NULL,NULL),('10.149.186.123','free',NULL,NULL,NULL,'186',NULL,NULL),('10.149.186.124','free',NULL,NULL,NULL,'186',NULL,NULL),('10.149.186.125','free',NULL,NULL,NULL,'186',NULL,NULL),('10.149.186.126','free',NULL,NULL,NULL,'186',NULL,NULL),('10.149.186.127','free',NULL,NULL,NULL,'186',NULL,NULL),('10.149.186.128','free',NULL,NULL,NULL,'186',NULL,NULL),('10.149.186.129','free',NULL,NULL,NULL,'186',NULL,NULL),('10.149.186.130','free',NULL,NULL,NULL,'186',NULL,NULL),('10.149.186.131','free',NULL,NULL,NULL,'186',NULL,NULL),('10.149.186.132','free',NULL,NULL,NULL,'186',NULL,NULL),('10.149.186.133','free',NULL,NULL,NULL,'186',NULL,NULL),('10.149.186.134','free',NULL,NULL,NULL,'186',NULL,NULL),('10.149.186.135','free',NULL,NULL,NULL,'186',NULL,NULL),('10.149.186.136','free',NULL,NULL,NULL,'186',NULL,NULL),('10.149.186.137','free',NULL,NULL,NULL,'186',NULL,NULL),('10.149.186.138','free',NULL,NULL,NULL,'186',NULL,NULL),('10.149.186.139','free',NULL,NULL,NULL,'186',NULL,NULL),('10.149.186.140','free',NULL,NULL,NULL,'186',NULL,NULL),('10.149.186.141','free',NULL,NULL,NULL,'186',NULL,NULL),('10.149.186.142','free',NULL,NULL,NULL,'186',NULL,NULL),('10.149.186.143','free',NULL,NULL,NULL,'186',NULL,NULL),('10.149.186.144','free',NULL,NULL,NULL,'186',NULL,NULL),('10.149.186.145','free',NULL,NULL,NULL,'186',NULL,NULL),('10.149.186.146','free',NULL,NULL,NULL,'186',NULL,NULL),('10.149.186.147','free',NULL,NULL,NULL,'186',NULL,NULL),('10.149.186.148','free',NULL,NULL,NULL,'186',NULL,NULL),('10.149.186.149','free',NULL,NULL,NULL,'186',NULL,NULL),('10.149.186.150','free',NULL,NULL,NULL,'186',NULL,NULL),('10.149.186.151','free',NULL,NULL,NULL,'186',NULL,NULL),('10.149.186.152','free',NULL,NULL,NULL,'186',NULL,NULL),('10.149.186.153','free',NULL,NULL,NULL,'186',NULL,NULL),('10.149.186.154','free',NULL,NULL,NULL,'186',NULL,NULL),('10.149.186.155','free',NULL,NULL,NULL,'186',NULL,NULL),('10.149.186.156','free',NULL,NULL,NULL,'186',NULL,NULL),('10.149.186.157','free',NULL,NULL,NULL,'186',NULL,NULL),('10.149.186.158','free',NULL,NULL,NULL,'186',NULL,NULL),('10.149.186.159','free',NULL,NULL,NULL,'186',NULL,NULL),('10.149.186.160','free',NULL,NULL,NULL,'186',NULL,NULL),('10.149.186.161','free',NULL,NULL,NULL,'186',NULL,NULL),('10.149.186.162','free',NULL,NULL,NULL,'186',NULL,NULL),('10.149.186.163','free',NULL,NULL,NULL,'186',NULL,NULL),('10.149.186.164','free',NULL,NULL,NULL,'186',NULL,NULL),('10.149.186.165','free',NULL,NULL,NULL,'186',NULL,NULL),('10.149.186.166','free',NULL,NULL,NULL,'186',NULL,NULL),('10.149.186.167','free',NULL,NULL,NULL,'186',NULL,NULL),('10.149.186.168','free',NULL,NULL,NULL,'186',NULL,NULL),('10.149.186.169','free',NULL,NULL,NULL,'186',NULL,NULL),('10.149.186.170','free',NULL,NULL,NULL,'186',NULL,NULL),('10.149.186.171','free',NULL,NULL,NULL,'186',NULL,NULL),('10.149.186.172','free',NULL,NULL,NULL,'186',NULL,NULL),('10.149.186.173','free',NULL,NULL,NULL,'186',NULL,NULL),('10.149.186.174','free',NULL,NULL,NULL,'186',NULL,NULL),('10.149.186.175','free',NULL,NULL,NULL,'186',NULL,NULL),('10.149.186.176','free',NULL,NULL,NULL,'186',NULL,NULL),('10.149.186.177','free',NULL,NULL,NULL,'186',NULL,NULL),('10.149.186.178','free',NULL,NULL,NULL,'186',NULL,NULL),('10.149.186.179','free',NULL,NULL,NULL,'186',NULL,NULL),('10.149.186.180','free',NULL,NULL,NULL,'186',NULL,NULL),('10.149.186.181','free',NULL,NULL,NULL,'186',NULL,NULL),('10.149.186.182','free',NULL,NULL,NULL,'186',NULL,NULL),('10.149.186.183','free',NULL,NULL,NULL,'186',NULL,NULL),('10.149.186.184','free',NULL,NULL,NULL,'186',NULL,NULL),('10.149.186.185','free',NULL,NULL,NULL,'186',NULL,NULL),('10.149.186.186','free',NULL,NULL,NULL,'186',NULL,NULL),('10.149.186.187','free',NULL,NULL,NULL,'186',NULL,NULL),('10.149.186.188','free',NULL,NULL,NULL,'186',NULL,NULL),('10.149.186.189','free',NULL,NULL,NULL,'186',NULL,NULL),('10.149.186.190','free',NULL,NULL,NULL,'186',NULL,NULL),('10.149.186.191','free',NULL,NULL,NULL,'186',NULL,NULL),('10.149.186.192','free',NULL,NULL,NULL,'186',NULL,NULL),('10.149.186.193','free',NULL,NULL,NULL,'186',NULL,NULL),('10.149.186.194','free',NULL,NULL,NULL,'186',NULL,NULL),('10.149.186.195','free',NULL,NULL,NULL,'186',NULL,NULL),('10.149.186.196','free',NULL,NULL,NULL,'186',NULL,NULL),('10.149.186.197','free',NULL,NULL,NULL,'186',NULL,NULL),('10.149.186.198','free',NULL,NULL,NULL,'186',NULL,NULL),('10.149.186.199','free',NULL,NULL,NULL,'186',NULL,NULL),('10.149.186.200','free',NULL,NULL,NULL,'186',NULL,NULL),('10.149.186.201','free',NULL,NULL,NULL,'186',NULL,NULL),('10.149.186.202','free',NULL,NULL,NULL,'186',NULL,NULL),('10.149.186.203','free',NULL,NULL,NULL,'186',NULL,NULL),('10.149.186.204','free',NULL,NULL,NULL,'186',NULL,NULL),('10.149.186.205','free',NULL,NULL,NULL,'186',NULL,NULL),('10.149.186.206','free',NULL,NULL,NULL,'186',NULL,NULL),('10.149.186.207','free',NULL,NULL,NULL,'186',NULL,NULL),('10.149.186.208','free',NULL,NULL,NULL,'186',NULL,NULL),('10.149.186.209','free',NULL,NULL,NULL,'186',NULL,NULL),('10.149.186.210','free',NULL,NULL,NULL,'186',NULL,NULL),('10.149.186.211','free',NULL,NULL,NULL,'186',NULL,NULL),('10.149.186.212','free',NULL,NULL,NULL,'186',NULL,NULL),('10.149.186.213','free',NULL,NULL,NULL,'186',NULL,NULL),('10.149.186.214','free',NULL,NULL,NULL,'186',NULL,NULL),('10.149.186.215','free',NULL,NULL,NULL,'186',NULL,NULL),('10.149.186.216','free',NULL,NULL,NULL,'186',NULL,NULL),('10.149.186.217','free',NULL,NULL,NULL,'186',NULL,NULL),('10.149.186.218','free',NULL,NULL,NULL,'186',NULL,NULL),('10.149.186.219','free',NULL,NULL,NULL,'186',NULL,NULL),('10.149.186.220','free',NULL,NULL,NULL,'186',NULL,NULL),('10.149.186.221','free',NULL,NULL,NULL,'186',NULL,NULL),('10.149.186.222','free',NULL,NULL,NULL,'186',NULL,NULL),('10.149.186.223','free',NULL,NULL,NULL,'186',NULL,NULL),('10.149.186.224','free',NULL,NULL,NULL,'186',NULL,NULL),('10.149.186.225','free',NULL,NULL,NULL,'186',NULL,NULL),('10.149.186.226','free',NULL,NULL,NULL,'186',NULL,NULL),('10.149.186.227','free',NULL,NULL,NULL,'186',NULL,NULL),('10.149.186.228','free',NULL,NULL,NULL,'186',NULL,NULL),('10.149.186.229','free',NULL,NULL,NULL,'186',NULL,NULL),('10.149.186.230','free',NULL,NULL,NULL,'186',NULL,NULL),('10.149.186.231','free',NULL,NULL,NULL,'186',NULL,NULL),('10.149.186.232','free',NULL,NULL,NULL,'186',NULL,NULL),('10.149.186.233','free',NULL,NULL,NULL,'186',NULL,NULL),('10.149.186.234','free',NULL,NULL,NULL,'186',NULL,NULL),('10.149.186.235','free',NULL,NULL,NULL,'186',NULL,NULL),('10.149.186.236','free',NULL,NULL,NULL,'186',NULL,NULL),('10.149.186.237','free',NULL,NULL,NULL,'186',NULL,NULL),('10.149.186.238','free',NULL,NULL,NULL,'186',NULL,NULL),('10.149.186.239','free',NULL,NULL,NULL,'186',NULL,NULL),('10.149.186.240','free',NULL,NULL,NULL,'186',NULL,NULL),('10.149.186.241','free',NULL,NULL,NULL,'186',NULL,NULL),('10.149.186.242','free',NULL,NULL,NULL,'186',NULL,NULL),('10.149.186.243','free',NULL,NULL,NULL,'186',NULL,NULL),('10.149.186.244','free',NULL,NULL,NULL,'186',NULL,NULL),('10.149.186.245','free',NULL,NULL,NULL,'186',NULL,NULL),('10.149.186.246','free',NULL,NULL,NULL,'186',NULL,NULL),('10.149.186.247','free',NULL,NULL,NULL,'186',NULL,NULL),('10.149.186.248','free',NULL,NULL,NULL,'186',NULL,NULL),('10.149.186.249','free',NULL,NULL,NULL,'186',NULL,NULL),('10.149.186.250','free',NULL,NULL,NULL,'186',NULL,NULL),('10.149.186.251','free',NULL,NULL,NULL,'186',NULL,NULL),('10.149.186.252','free',NULL,NULL,NULL,'186',NULL,NULL),('10.149.186.253','free',NULL,NULL,NULL,'186',NULL,NULL),('10.149.186.254','free',NULL,NULL,NULL,'186',NULL,NULL);
/*!40000 ALTER TABLE `hostnames` ENABLE KEYS */;
UNLOCK TABLES;

--
-- Table structure for table `logs`
--

DROP TABLE IF EXISTS `logs`;
/*!40101 SET @saved_cs_client     = @@character_set_client */;
/*!40101 SET character_set_client = utf8 */;
CREATE TABLE `logs` (
  `id_log` int(11) NOT NULL AUTO_INCREMENT,
  `date` datetime DEFAULT NULL,
  `username` char(40) DEFAULT NULL,
  `action` char(100) DEFAULT NULL,
  PRIMARY KEY (`id_log`)
) ENGINE=InnoDB AUTO_INCREMENT=39 DEFAULT CHARSET=latin1;
/*!40101 SET character_set_client = @saved_cs_client */;

--
-- Dumping data for table `logs`
--

LOCK TABLES `logs` WRITE;
/*!40000 ALTER TABLE `logs` DISABLE KEYS */;
INSERT INTO `logs` VALUES (1,'2016-10-21 21:41:41','admin','User test added'),(2,'2016-10-21 21:41:55','admin','User caca added'),(3,'2016-10-21 21:42:14','admin','User 123 added'),(4,'2016-10-21 21:43:18','admin','User caca removed'),(5,'2016-10-21 21:43:33','admin','User 123 removed'),(6,'2016-10-21 21:43:36','admin','User test removed'),(7,'2016-10-26 16:33:26','admin','VLAN test added'),(8,'2016-10-26 16:48:47','admin','Country casa added'),(9,'2016-10-26 16:49:09','admin','Country Nicaragua es el mejor added'),(10,'2016-10-26 16:51:29','admin','Client casita added'),(11,'2016-10-26 17:04:00','admin','Country Honduras added'),(12,'2016-10-26 17:04:05','admin','Country Honduras removed'),(13,'2016-10-26 17:04:51','admin','Country Honduras added'),(14,'2016-10-26 17:04:55','admin','Country Honduras removed'),(15,'2016-10-26 17:08:12','admin','Client casa added'),(16,'2016-10-26 17:08:15','admin','Client casa removed'),(17,'2016-10-27 14:16:56','admin','Country Honduras added'),(18,'2016-10-27 14:17:12','admin','Country Honduras removed'),(19,'2017-03-13 16:02:23','emonge','Client  added'),(20,'2017-03-13 16:03:58','emonge','Site caracas added'),(21,'2017-03-13 16:05:16','emonge','Site sfas added'),(22,'2017-03-13 16:06:55','emonge','Site sfas added'),(23,'2017-03-13 16:08:24','emonge','Site caracas added'),(24,'2017-03-13 16:09:02','emonge','Site dsafsa added'),(25,'2017-03-13 16:10:06','emonge','Site casablanca added'),(26,'2017-04-19 12:20:05','emonge','User cmorun added'),(27,'2017-06-06 09:10:06','emonge','VLAN 186 removed'),(28,'2017-06-06 09:10:10','emonge','VLAN 131 removed'),(29,'2017-06-06 09:10:13','emonge','VLAN 127 removed'),(30,'2017-06-06 09:10:17','emonge','VLAN 128 removed'),(31,'2017-06-06 09:10:20','emonge','VLAN 129 removed'),(32,'2017-06-06 09:10:23','emonge','VLAN 130 removed'),(33,'2017-06-06 09:10:46','emonge','VLAN 128 added'),(34,'2017-06-06 09:11:15','emonge','VLAN 129 added'),(35,'2017-06-06 09:11:30','emonge','VLAN 130 added'),(36,'2017-06-06 09:11:47','emonge','VLAN 127 added'),(37,'2017-06-06 09:12:06','emonge','VLAN 131 added'),(38,'2017-06-06 09:12:49','emonge','VLAN 186 added');
/*!40000 ALTER TABLE `logs` ENABLE KEYS */;
UNLOCK TABLES;

--
-- Table structure for table `services`
--

DROP TABLE IF EXISTS `services`;
/*!40101 SET @saved_cs_client     = @@character_set_client */;
/*!40101 SET character_set_client = utf8 */;
CREATE TABLE `services` (
  `service_id` int(11) NOT NULL AUTO_INCREMENT,
  `ip` char(100) DEFAULT NULL,
  `name` char(100) DEFAULT NULL,
  `type` char(100) DEFAULT NULL,
  `port_number` int(11) DEFAULT NULL,
  PRIMARY KEY (`service_id`),
  KEY `ip` (`ip`)
) ENGINE=MyISAM AUTO_INCREMENT=108395 DEFAULT CHARSET=latin1;
/*!40101 SET character_set_client = @saved_cs_client */;

--
-- Dumping data for table `services`
--

LOCK TABLES `services` WRITE;
/*!40000 ALTER TABLE `services` DISABLE KEYS */;
/*!40000 ALTER TABLE `services` ENABLE KEYS */;
UNLOCK TABLES;

--
-- Table structure for table `sites`
--

DROP TABLE IF EXISTS `sites`;
/*!40101 SET @saved_cs_client     = @@character_set_client */;
/*!40101 SET character_set_client = utf8 */;
CREATE TABLE `sites` (
  `id_site` int(11) NOT NULL AUTO_INCREMENT,
  `name` char(40) DEFAULT NULL,
  `description` char(100) DEFAULT NULL,
  `id_client` int(11) DEFAULT NULL,
  `id_country` int(11) DEFAULT NULL,
  PRIMARY KEY (`id_site`),
  KEY `id_client` (`id_client`),
  KEY `id_country` (`id_country`),
  CONSTRAINT `sites_ibfk_1` FOREIGN KEY (`id_client`) REFERENCES `clients` (`id_client`),
  CONSTRAINT `sites_ibfk_2` FOREIGN KEY (`id_country`) REFERENCES `countries` (`id_country`)
) ENGINE=InnoDB AUTO_INCREMENT=4 DEFAULT CHARSET=latin1;
/*!40101 SET character_set_client = @saved_cs_client */;

--
-- Dumping data for table `sites`
--

LOCK TABLES `sites` WRITE;
/*!40000 ALTER TABLE `sites` DISABLE KEYS */;
INSERT INTO `sites` VALUES (2,'Datacenter Sabana',NULL,NULL,NULL),(3,'Datacenter San Pedro',NULL,NULL,NULL);
/*!40000 ALTER TABLE `sites` ENABLE KEYS */;
UNLOCK TABLES;

--
-- Table structure for table `users`
--

DROP TABLE IF EXISTS `users`;
/*!40101 SET @saved_cs_client     = @@character_set_client */;
/*!40101 SET character_set_client = utf8 */;
CREATE TABLE `users` (
  `id_user` int(11) NOT NULL AUTO_INCREMENT,
  `username` char(40) DEFAULT NULL,
  `password` char(40) DEFAULT NULL,
  `name` char(100) DEFAULT NULL,
  `email` varchar(80) DEFAULT NULL,
  `is_admin` tinyint(1) DEFAULT NULL,
  `is_active` tinyint(1) DEFAULT NULL,
  PRIMARY KEY (`id_user`)
) ENGINE=InnoDB AUTO_INCREMENT=11 DEFAULT CHARSET=latin1;
/*!40101 SET character_set_client = @saved_cs_client */;

--
-- Dumping data for table `users`
--

LOCK TABLES `users` WRITE;
/*!40000 ALTER TABLE `users` DISABLE KEYS */;
INSERT INTO `users` VALUES (1,'admin','manager',NULL,NULL,1,1),(6,'emonge','Ang3ll010','Esteban Monge','emonge@gbm.net',1,1),(7,'ahidalgo','gbm123','Alexis Hidalgo','ahidalgo@gbm.net',0,1),(9,'jimmy','Pinga','Jimmy','jmejia@gbm.net',1,1),(10,'cmorun','Mrng1412','Carlos Morn','cmorun@gbm.net',1,1);
/*!40000 ALTER TABLE `users` ENABLE KEYS */;
UNLOCK TABLES;

--
-- Table structure for table `vlans`
--

DROP TABLE IF EXISTS `vlans`;
/*!40101 SET @saved_cs_client     = @@character_set_client */;
/*!40101 SET character_set_client = utf8 */;
CREATE TABLE `vlans` (
  `vlan` char(100) NOT NULL DEFAULT '',
  `description` char(100) DEFAULT NULL,
  `mask` int(11) NOT NULL,
  `iprange` char(100) NOT NULL,
  `id_site` int(11) DEFAULT NULL,
  PRIMARY KEY (`vlan`)
) ENGINE=MyISAM DEFAULT CHARSET=latin1;
/*!40101 SET character_set_client = @saved_cs_client */;

--
-- Dumping data for table `vlans`
--

LOCK TABLES `vlans` WRITE;
/*!40000 ALTER TABLE `vlans` DISABLE KEYS */;
INSERT INTO `vlans` VALUES ('131','',24,'10.149.131.0',NULL),('186','',24,'10.149.186.0',NULL),('129','',24,'10.149.129.0',NULL),('130','',24,'10.149.130.0',NULL),('127','',24,'10.149.127.0',NULL),('128','',24,'10.149.128.0',NULL);
/*!40000 ALTER TABLE `vlans` ENABLE KEYS */;
UNLOCK TABLES;
/*!40103 SET TIME_ZONE=@OLD_TIME_ZONE */;

/*!40101 SET SQL_MODE=@OLD_SQL_MODE */;
/*!40014 SET FOREIGN_KEY_CHECKS=@OLD_FOREIGN_KEY_CHECKS */;
/*!40014 SET UNIQUE_CHECKS=@OLD_UNIQUE_CHECKS */;
/*!40101 SET CHARACTER_SET_CLIENT=@OLD_CHARACTER_SET_CLIENT */;
/*!40101 SET CHARACTER_SET_RESULTS=@OLD_CHARACTER_SET_RESULTS */;
/*!40101 SET COLLATION_CONNECTION=@OLD_COLLATION_CONNECTION */;
/*!40111 SET SQL_NOTES=@OLD_SQL_NOTES */;

-- Dump completed on 2017-06-06  9:14:18
